state,county,fips,population
AL,Autauga County,1001,55869
AL,Baldwin County,1003,223234
AL,Barbour County,1005,24686
AL,Bibb County,1007,22394
AL,Blount County,1009,57826
AL,Bullock County,1011,10101
AL,Butler County,1013,19448
AL,Calhoun County,1015,113605
AL,Chambers County,1017,33254
AL,Cherokee County,1019,26196
AL,Chilton County,1021,44428
AL,Choctaw County,1023,12589
AL,Clarke County,1025,23622
AL,Clay County,1027,13235
AL,Cleburne County,1029,14910
AL,Coffee County,1031,52342
AL,Colbert County,1033,55241
AL,Conecuh County,1035,12067
AL,Coosa County,1037,10663
AL,Covington County,1039,37049
AL,Crenshaw County,1041,13772
AL,Cullman County,1043,83768
AL,Dale County,1045,49172
AL,Dallas County,1047,37196
AL,DeKalb County,1049,71513
AL,Elmore County,1051,81209
AL,Escambia County,1053,36633
AL,Etowah County,1055,102268
AL,Fayette County,1057,16302
AL,Franklin County,1059,31362
AL,Geneva County,1061,26271
AL,Greene County,1063,8111
AL,Hale County,1065,14651
AL,Henry County,1067,17205
AL,Houston County,1069,105882
AL,Jackson County,1071,51626
AL,Jefferson County,1073,658573
AL,Lamar County,1075,13805
AL,Lauderdale County,1077,92729
AL,Lawrence County,1079,32924
AL,Lee County,1081,164542
AL,Limestone County,1083,98915
AL,Lowndes County,1085,9726
AL,Macon County,1087,18068
AL,Madison County,1089,372909
AL,Marengo County,1091,18863
AL,Marion County,1093,29709
AL,Marshall County,1095,96774
AL,Mobile County,1097,413210
AL,Monroe County,1099,20733
AL,Montgomery County,1101,226486
AL,Morgan County,1103,119679
AL,Perry County,1105,8923
AL,Pickens County,1107,19930
AL,Pike County,1109,33114
AL,Randolph County,1111,22722
AL,Russell County,1113,57961
AL,St. Clair County,1115,89512
AL,Shelby County,1117,217702
AL,Sumter County,1119,12427
AL,Talladega County,1121,79978
AL,Tallapoosa County,1123,40367
AL,Tuscaloosa County,1125,209355
AL,Walker County,1127,63521
AL,Washington County,1129,16326
AL,Wilcox County,1131,10373
AL,Winston County,1133,23629
AK,Aleutians East Borough,2013,3337
AK,Aleutians West Census Area,2016,5634
AK,Anchorage Municipality,2020,288000
AK,Bethel Census Area,2050,18386
AK,Bristol Bay Borough,2060,836
AK,Denali Borough,2068,2097
AK,Dillingham Census Area,2070,4916
AK,Fairbanks North Star Borough,2090,96849
AK,Haines Borough,2100,2530
AK,Hoonah-Angoon Census Area,2105,2148
AK,Juneau City and Borough,2110,31974
AK,Kenai Peninsula Borough,2122,58708
AK,Ketchikan Gateway Borough,2130,13901
AK,Kodiak Island Borough,2150,12998
AK,Kusilvak Census Area,2158,8314
AK,Lake and Peninsula Borough,2164,1592
AK,Matanuska-Susitna Borough,2170,108317
AK,Nome Census Area,2180,10004
AK,North Slope Borough,2185,9832
AK,Northwest Arctic Borough,2188,7621
AK,Petersburg Borough,2195,3266
AK,Prince of Wales-Hyder Census Area,2198,6203
AK,Sitka City and Borough,2220,8493
AK,Skagway Municipality,2230,1183
AK,Southeast Fairbanks Census Area,2240,6893
AK,Valdez-Cordova Census Area,2261,9202
AK,Wrangell City and Borough,2275,2502
AK,Yakutat City and Borough,2282,579
AK,Yukon-Koyukuk Census Area,2290,5230
AZ,Apache County,4001,71887
AZ,Cochise County,4003,125922
AZ,Coconino County,4005,143476
AZ,Gila County,4007,54018
AZ,Graham County,4009,38837
AZ,Greenlee County,4011,9498
AZ,La Paz County,4012,21108
AZ,Maricopa County,4013,4485414
AZ,Mohave County,4015,212181
AZ,Navajo County,4017,110924
AZ,Pima County,4019,1047279
AZ,Pinal County,4021,462789
AZ,Santa Cruz County,4023,46498
AZ,Yavapai County,4025,235099
AZ,Yuma County,4027,213787
AR,Arkansas County,5001,17486
AR,Ashley County,5003,19657
AR,Baxter County,5005,41932
AR,Benton County,5007,279141
AR,Boone County,5009,37432
AR,Bradley County,5011,10763
AR,Calhoun County,5013,5189
AR,Carroll County,5015,28380
AR,Chicot County,5017,10118
AR,Clark County,5019,22320
AR,Clay County,5021,14551
AR,Cleburne County,5023,24919
AR,Cleveland County,5025,7956
AR,Columbia County,5027,23457
AR,Conway County,5029,20846
AR,Craighead County,5031,110332
AR,Crawford County,5033,63257
AR,Crittenden County,5035,47955
AR,Cross County,5037,16419
AR,Dallas County,5039,7009
AR,Desha County,5041,11361
AR,Drew County,5043,18219
AR,Faulkner County,5045,126007
AR,Franklin County,5047,17715
AR,Fulton County,5049,12477
AR,Garland County,5051,99386
AR,Grant County,5053,18265
AR,Greene County,5055,45325
AR,Hempstead County,5057,21532
AR,Hot Spring County,5059,33771
AR,Howard County,5061,13202
AR,Independence County,5063,37825
AR,Izard County,5065,13629
AR,Jackson County,5067,16719
AR,Jefferson County,5069,66824
AR,Johnson County,5071,26578
AR,Lafayette County,5073,6624
AR,Lawrence County,5075,16406
AR,Lee County,5077,8857
AR,Lincoln County,5079,13024
AR,Little River County,5081,12259
AR,Logan County,5083,21466
AR,Lonoke County,5085,73309
AR,Madison County,5087,16576
AR,Marion County,5089,16694
AR,Miller County,5091,43257
AR,Mississippi County,5093,40651
AR,Monroe County,5095,6701
AR,Montgomery County,5097,8986
AR,Nevada County,5099,8252
AR,Newton County,5101,7753
AR,Ouachita County,5103,23382
AR,Perry County,5105,10455
AR,Phillips County,5107,17782
AR,Pike County,5109,10718
AR,Poinsett County,5111,23528
AR,Polk County,5113,19964
AR,Pope County,5115,64072
AR,Prairie County,5117,8062
AR,Pulaski County,5119,391911
AR,Randolph County,5121,17958
AR,St. Francis County,5123,24994
AR,Saline County,5125,122437
AR,Scott County,5127,10281
AR,Searcy County,5129,7881
AR,Sebastian County,5131,127827
AR,Sevier County,5133,17007
AR,Sharp County,5135,17442
AR,Stone County,5137,12506
AR,Union County,5139,38682
AR,Van Buren County,5141,16545
AR,Washington County,5143,239187
AR,White County,5145,78753
AR,Woodruff County,5147,6320
AR,Yell County,5149,21341
CA,Alameda County,6001,1671329
CA,Alpine County,6003,1129
CA,Amador County,6005,39752
CA,Butte County,6007,219186
CA,Calaveras County,6009,45905
CA,Colusa County,6011,21547
CA,Contra Costa County,6013,1153526
CA,Del Norte County,6015,27812
CA,El Dorado County,6017,192843
CA,Fresno County,6019,999101
CA,Glenn County,6021,28393
CA,Humboldt County,6023,135558
CA,Imperial County,6025,181215
CA,Inyo County,6027,18039
CA,Kern County,6029,900202
CA,Kings County,6031,152940
CA,Lake County,6033,64386
CA,Lassen County,6035,30573
CA,Los Angeles County,6037,10039107
CA,Madera County,6039,157327
CA,Marin County,6041,258826
CA,Mariposa County,6043,17203
CA,Mendocino County,6045,86749
CA,Merced County,6047,277680
CA,Modoc County,6049,8841
CA,Mono County,6051,14444
CA,Monterey County,6053,434061
CA,Napa County,6055,137744
CA,Nevada County,6057,99755
CA,Orange County,6059,3175692
CA,Placer County,6061,398329
CA,Plumas County,6063,18807
CA,Riverside County,6065,2470546
CA,Sacramento County,6067,1552058
CA,San Benito County,6069,62808
CA,San Bernardino County,6071,2180085
CA,San Diego County,6073,3338330
CA,San Francisco County,6075,881549
CA,San Joaquin County,6077,762148
CA,San Luis Obispo County,6079,283111
CA,San Mateo County,6081,766573
CA,Santa Barbara County,6083,446499
CA,Santa Clara County,6085,1927852
CA,Santa Cruz County,6087,273213
CA,Shasta County,6089,180080
CA,Sierra County,6091,3005
CA,Siskiyou County,6093,43539
CA,Solano County,6095,447643
CA,Sonoma County,6097,494336
CA,Stanislaus County,6099,550660
CA,Sutter County,6101,96971
CA,Tehama County,6103,65084
CA,Trinity County,6105,12285
CA,Tulare County,6107,466195
CA,Tuolumne County,6109,54478
CA,Ventura County,6111,846006
CA,Yolo County,6113,220500
CA,Yuba County,6115,78668
CO,Adams County,8001,517421
CO,Alamosa County,8003,16233
CO,Arapahoe County,8005,656590
CO,Archuleta County,8007,14029
CO,Baca County,8009,3581
CO,Bent County,8011,5577
CO,Boulder County,8013,326196
CO,Broomfield County,8014,70465
CO,Chaffee County,8015,20356
CO,Cheyenne County,8017,1831
CO,Clear Creek County,8019,9700
CO,Conejos County,8021,8205
CO,Costilla County,8023,3887
CO,Crowley County,8025,6061
CO,Custer County,8027,5068
CO,Delta County,8029,31162
CO,Denver County,8031,727211
CO,Dolores County,8033,2055
CO,Douglas County,8035,351154
CO,Eagle County,8037,55127
CO,Elbert County,8039,26729
CO,El Paso County,8041,720403
CO,Fremont County,8043,47839
CO,Garfield County,8045,60061
CO,Gilpin County,8047,6243
CO,Grand County,8049,15734
CO,Gunnison County,8051,17462
CO,Hinsdale County,8053,820
CO,Huerfano County,8055,6897
CO,Jackson County,8057,1392
CO,Jefferson County,8059,582881
CO,Kiowa County,8061,1406
CO,Kit Carson County,8063,7097
CO,Lake County,8065,8127
CO,La Plata County,8067,56221
CO,Larimer County,8069,356899
CO,Las Animas County,8071,14506
CO,Lincoln County,8073,5701
CO,Logan County,8075,22409
CO,Mesa County,8077,154210
CO,Mineral County,8079,769
CO,Moffat County,8081,13283
CO,Montezuma County,8083,26183
CO,Montrose County,8085,42758
CO,Morgan County,8087,29068
CO,Otero County,8089,18278
CO,Ouray County,8091,4952
CO,Park County,8093,18845
CO,Phillips County,8095,4265
CO,Pitkin County,8097,17767
CO,Prowers County,8099,12172
CO,Pueblo County,8101,168424
CO,Rio Blanco County,8103,6324
CO,Rio Grande County,8105,11267
CO,Routt County,8107,25638
CO,Saguache County,8109,6824
CO,San Juan County,8111,728
CO,San Miguel County,8113,8179
CO,Sedgwick County,8115,2248
CO,Summit County,8117,31011
CO,Teller County,8119,25388
CO,Washington County,8121,4908
CO,Weld County,8123,324492
CO,Yuma County,8125,10019
CT,Fairfield County,9001,943332
CT,Hartford County,9003,891720
CT,Litchfield County,9005,180333
CT,Middlesex County,9007,162436
CT,New Haven County,9009,854757
CT,New London County,9011,265206
CT,Tolland County,9013,150721
CT,Windham County,9015,116782
DE,Kent County,10001,180786
DE,New Castle County,10003,558753
DE,Sussex County,10005,234225
DC,District of Columbia,11001,705749
FL,Alachua County,12001,269043
FL,Baker County,12003,29210
FL,Bay County,12005,174705
FL,Bradford County,12007,28201
FL,Brevard County,12009,601942
FL,Broward County,12011,1952778
FL,Calhoun County,12013,14105
FL,Charlotte County,12015,188910
FL,Citrus County,12017,149657
FL,Clay County,12019,219252
FL,Collier County,12021,384902
FL,Columbia County,12023,71686
FL,DeSoto County,12027,38001
FL,Dixie County,12029,16826
FL,Duval County,12031,957755
FL,Escambia County,12033,318316
FL,Flagler County,12035,115081
FL,Franklin County,12037,12125
FL,Gadsden County,12039,45660
FL,Gilchrist County,12041,18582
FL,Glades County,12043,13811
FL,Gulf County,12045,13639
FL,Hamilton County,12047,14428
FL,Hardee County,12049,26937
FL,Hendry County,12051,42022
FL,Hernando County,12053,193920
FL,Highlands County,12055,106221
FL,Hillsborough County,12057,1471968
FL,Holmes County,12059,19617
FL,Indian River County,12061,159923
FL,Jackson County,12063,46414
FL,Jefferson County,12065,14246
FL,Lafayette County,12067,8422
FL,Lake County,12069,367118
FL,Lee County,12071,770577
FL,Leon County,12073,293582
FL,Levy County,12075,41503
FL,Liberty County,12077,8354
FL,Madison County,12079,18493
FL,Manatee County,12081,403253
FL,Marion County,12083,365579
FL,Martin County,12085,161000
FL,Miami-Dade County,12086,2716940
FL,Monroe County,12087,74228
FL,Nassau County,12089,88625
FL,Okaloosa County,12091,210738
FL,Okeechobee County,12093,42168
FL,Orange County,12095,1393452
FL,Osceola County,12097,375751
FL,Palm Beach County,12099,1496770
FL,Pasco County,12101,553947
FL,Pinellas County,12103,974996
FL,Polk County,12105,724777
FL,Putnam County,12107,74521
FL,St. Johns County,12109,264672
FL,St. Lucie County,12111,328297
FL,Santa Rosa County,12113,184313
FL,Sarasota County,12115,433742
FL,Seminole County,12117,471826
FL,Sumter County,12119,132420
FL,Suwannee County,12121,44417
FL,Taylor County,12123,21569
FL,Union County,12125,15237
FL,Volusia County,12127,553284
FL,Wakulla County,12129,33739
FL,Walton County,12131,74071
FL,Washington County,12133,25473
GA,Appling County,13001,18386
GA,Atkinson County,13003,8165
GA,Bacon County,13005,11164
GA,Baker County,13007,3038
GA,Baldwin County,13009,44890
GA,Banks County,13011,19234
GA,Barrow County,13013,83240
GA,Bartow County,13015,107738
GA,Ben Hill County,13017,16700
GA,Berrien County,13019,19397
GA,Bibb County,13021,153159
GA,Bleckley County,13023,12873
GA,Brantley County,13025,19109
GA,Brooks County,13027,15457
GA,Bryan County,13029,39627
GA,Bulloch County,13031,79608
GA,Burke County,13033,22383
GA,Butts County,13035,24936
GA,Calhoun County,13037,6189
GA,Camden County,13039,54666
GA,Candler County,13043,10803
GA,Carroll County,13045,119992
GA,Catoosa County,13047,67580
GA,Charlton County,13049,13392
GA,Chatham County,13051,289430
GA,Chattahoochee County,13053,10907
GA,Chattooga County,13055,24789
GA,Cherokee County,13057,258773
GA,Clarke County,13059,128331
GA,Clay County,13061,2834
GA,Clayton County,13063,292256
GA,Clinch County,13065,6618
GA,Cobb County,13067,760141
GA,Coffee County,13069,43273
GA,Colquitt County,13071,45600
GA,Columbia County,13073,156714
GA,Cook County,13075,17270
GA,Coweta County,13077,148509
GA,Crawford County,13079,12404
GA,Crisp County,13081,22372
GA,Dade County,13083,16116
GA,Dawson County,13085,26108
GA,Decatur County,13087,26404
GA,DeKalb County,13089,759297
GA,Dodge County,13091,20605
GA,Dooly County,13093,13390
GA,Dougherty County,13095,87956
GA,Douglas County,13097,146343
GA,Early County,13099,10190
GA,Echols County,13101,4006
GA,Effingham County,13103,64296
GA,Elbert County,13105,19194
GA,Emanuel County,13107,22646
GA,Evans County,13109,10654
GA,Fannin County,13111,26188
GA,Fayette County,13113,114421
GA,Floyd County,13115,98498
GA,Forsyth County,13117,244252
GA,Franklin County,13119,23349
GA,Fulton County,13121,1063937
GA,Gilmer County,13123,31369
GA,Glascock County,13125,2971
GA,Glynn County,13127,85292
GA,Gordon County,13129,57963
GA,Grady County,13131,24633
GA,Greene County,13133,18324
GA,Gwinnett County,13135,936250
GA,Habersham County,13137,45328
GA,Hall County,13139,204441
GA,Hancock County,13141,8457
GA,Haralson County,13143,29792
GA,Harris County,13145,35236
GA,Hart County,13147,26205
GA,Heard County,13149,11923
GA,Henry County,13151,234561
GA,Houston County,13153,157863
GA,Irwin County,13155,9416
GA,Jackson County,13157,72977
GA,Jasper County,13159,14219
GA,Jeff Davis County,13161,15115
GA,Jefferson County,13163,15362
GA,Jenkins County,13165,8676
GA,Johnson County,13167,9643
GA,Jones County,13169,28735
GA,Lamar County,13171,19077
GA,Lanier County,13173,10423
GA,Laurens County,13175,47546
GA,Lee County,13177,29992
GA,Liberty County,13179,61435
GA,Lincoln County,13181,7921
GA,Long County,13183,19559
GA,Lowndes County,13185,117406
GA,Lumpkin County,13187,33610
GA,McDuffie County,13189,21312
GA,McIntosh County,13191,14378
GA,Macon County,13193,12947
GA,Madison County,13195,29880
GA,Marion County,13197,8359
GA,Meriwether County,13199,21167
GA,Miller County,13201,5718
GA,Mitchell County,13205,21863
GA,Monroe County,13207,27578
GA,Montgomery County,13209,9172
GA,Morgan County,13211,19276
GA,Murray County,13213,40096
GA,Muscogee County,13215,195769
GA,Newton County,13217,111744
GA,Oconee County,13219,40280
GA,Oglethorpe County,13221,15259
GA,Paulding County,13223,168667
GA,Peach County,13225,27546
GA,Pickens County,13227,32591
GA,Pierce County,13229,19465
GA,Pike County,13231,18962
GA,Polk County,13233,42613
GA,Pulaski County,13235,11137
GA,Putnam County,13237,22119
GA,Quitman County,13239,2299
GA,Rabun County,13241,17137
GA,Randolph County,13243,6778
GA,Richmond County,13245,202518
GA,Rockdale County,13247,90896
GA,Schley County,13249,5257
GA,Screven County,13251,13966
GA,Seminole County,13253,8090
GA,Spalding County,13255,66703
GA,Stephens County,13257,25925
GA,Stewart County,13259,6621
GA,Sumter County,13261,29524
GA,Talbot County,13263,6195
GA,Taliaferro County,13265,1537
GA,Tattnall County,13267,25286
GA,Taylor County,13269,8020
GA,Telfair County,13271,15860
GA,Terrell County,13273,8531
GA,Thomas County,13275,44451
GA,Tift County,13277,40644
GA,Toombs County,13279,26830
GA,Towns County,13281,12037
GA,Treutlen County,13283,6901
GA,Troup County,13285,69922
GA,Turner County,13287,7985
GA,Twiggs County,13289,8120
GA,Union County,13291,24511
GA,Upson County,13293,26320
GA,Walker County,13295,69761
GA,Walton County,13297,94593
GA,Ware County,13299,35734
GA,Warren County,13301,5254
GA,Washington County,13303,20374
GA,Wayne County,13305,29927
GA,Webster County,13307,2607
GA,Wheeler County,13309,7855
GA,White County,13311,30798
GA,Whitfield County,13313,104628
GA,Wilcox County,13315,8635
GA,Wilkes County,13317,9777
GA,Wilkinson County,13319,8954
GA,Worth County,13321,20247
HI,Hawaii County,15001,201513
HI,Honolulu County,15003,974563
HI,Kalawao County,15005,86
HI,Kauai County,15007,72293
HI,Maui County,15009,167417
ID,Ada County,16001,481587
ID,Adams County,16003,4294
ID,Bannock County,16005,87808
ID,Bear Lake County,16007,6125
ID,Benewah County,16009,9298
ID,Bingham County,16011,46811
ID,Blaine County,16013,23021
ID,Boise County,16015,7831
ID,Bonner County,16017,45739
ID,Bonneville County,16019,119062
ID,Boundary County,16021,12245
ID,Butte County,16023,2597
ID,Camas County,16025,1106
ID,Canyon County,16027,229849
ID,Caribou County,16029,7155
ID,Cassia County,16031,24030
ID,Clark County,16033,845
ID,Clearwater County,16035,8756
ID,Custer County,16037,4315
ID,Elmore County,16039,27511
ID,Franklin County,16041,13876
ID,Fremont County,16043,13099
ID,Gem County,16045,18112
ID,Gooding County,16047,15179
ID,Idaho County,16049,16667
ID,Jefferson County,16051,29871
ID,Jerome County,16053,24412
ID,Kootenai County,16055,165697
ID,Latah County,16057,40108
ID,Lemhi County,16059,8027
ID,Lewis County,16061,3838
ID,Lincoln County,16063,5366
ID,Madison County,16065,39907
ID,Minidoka County,16067,21039
ID,Nez Perce County,16069,40408
ID,Oneida County,16071,4531
ID,Owyhee County,16073,11823
ID,Payette County,16075,23951
ID,Power County,16077,7681
ID,Shoshone County,16079,12882
ID,Teton County,16081,12142
ID,Twin Falls County,16083,86878
ID,Valley County,16085,11392
ID,Washington County,16087,10194
IL,Adams County,17001,65435
IL,Alexander County,17003,5761
IL,Bond County,17005,16426
IL,Boone County,17007,53544
IL,Brown County,17009,6578
IL,Bureau County,17011,32628
IL,Calhoun County,17013,4739
IL,Carroll County,17015,14305
IL,Cass County,17017,12147
IL,Champaign County,17019,209689
IL,Christian County,17021,32304
IL,Clark County,17023,15441
IL,Clay County,17025,13184
IL,Clinton County,17027,37562
IL,Coles County,17029,50621
IL,Cook County,17031,5150233
IL,Crawford County,17033,18667
IL,Cumberland County,17035,10766
IL,DeKalb County,17037,104897
IL,De Witt County,17039,15638
IL,Douglas County,17041,19465
IL,DuPage County,17043,922921
IL,Edgar County,17045,17161
IL,Edwards County,17047,6395
IL,Effingham County,17049,34008
IL,Fayette County,17051,21336
IL,Ford County,17053,12961
IL,Franklin County,17055,38469
IL,Fulton County,17057,34340
IL,Gallatin County,17059,4828
IL,Greene County,17061,12969
IL,Grundy County,17063,51054
IL,Hamilton County,17065,8116
IL,Hancock County,17067,17708
IL,Hardin County,17069,3821
IL,Henderson County,17071,6646
IL,Henry County,17073,48913
IL,Iroquois County,17075,27114
IL,Jackson County,17077,56750
IL,Jasper County,17079,9610
IL,Jefferson County,17081,37684
IL,Jersey County,17083,21773
IL,Jo Daviess County,17085,21235
IL,Johnson County,17087,12417
IL,Kane County,17089,532403
IL,Kankakee County,17091,109862
IL,Kendall County,17093,128990
IL,Knox County,17095,49699
IL,Lake County,17097,696535
IL,LaSalle County,17099,108669
IL,Lawrence County,17101,15678
IL,Lee County,17103,34096
IL,Livingston County,17105,35648
IL,Logan County,17107,28618
IL,McDonough County,17109,29682
IL,McHenry County,17111,307774
IL,McLean County,17113,171517
IL,Macon County,17115,104009
IL,Macoupin County,17117,44926
IL,Madison County,17119,262966
IL,Marion County,17121,37205
IL,Marshall County,17123,11438
IL,Mason County,17125,13359
IL,Massac County,17127,13772
IL,Menard County,17129,12196
IL,Mercer County,17131,15437
IL,Monroe County,17133,34637
IL,Montgomery County,17135,28414
IL,Morgan County,17137,33658
IL,Moultrie County,17139,14501
IL,Ogle County,17141,50643
IL,Peoria County,17143,179179
IL,Perry County,17145,20916
IL,Piatt County,17147,16344
IL,Pike County,17149,15561
IL,Pope County,17151,4177
IL,Pulaski County,17153,5335
IL,Putnam County,17155,5739
IL,Randolph County,17157,31782
IL,Richland County,17159,15513
IL,Rock Island County,17161,141879
IL,St. Clair County,17163,259686
IL,Saline County,17165,23491
IL,Sangamon County,17167,194672
IL,Schuyler County,17169,6768
IL,Scott County,17171,4951
IL,Shelby County,17173,21634
IL,Stark County,17175,5342
IL,Stephenson County,17177,44498
IL,Tazewell County,17179,131803
IL,Union County,17181,16653
IL,Vermilion County,17183,75758
IL,Wabash County,17185,11520
IL,Warren County,17187,16844
IL,Washington County,17189,13887
IL,Wayne County,17191,16215
IL,White County,17193,13537
IL,Whiteside County,17195,55175
IL,Will County,17197,690743
IL,Williamson County,17199,66597
IL,Winnebago County,17201,282572
IL,Woodford County,17203,38459
IN,Adams County,18001,35777
IN,Allen County,18003,379299
IN,Bartholomew County,18005,83779
IN,Benton County,18007,8748
IN,Blackford County,18009,11758
IN,Boone County,18011,67843
IN,Brown County,18013,15092
IN,Carroll County,18015,20257
IN,Cass County,18017,37689
IN,Clark County,18019,118302
IN,Clay County,18021,26225
IN,Clinton County,18023,32399
IN,Crawford County,18025,10577
IN,Daviess County,18027,33351
IN,Dearborn County,18029,49458
IN,Decatur County,18031,26559
IN,DeKalb County,18033,43475
IN,Delaware County,18035,114135
IN,Dubois County,18037,42736
IN,Elkhart County,18039,206341
IN,Fayette County,18041,23102
IN,Floyd County,18043,78522
IN,Fountain County,18045,16346
IN,Franklin County,18047,22758
IN,Fulton County,18049,19974
IN,Gibson County,18051,33659
IN,Grant County,18053,65769
IN,Greene County,18055,31922
IN,Hamilton County,18057,338011
IN,Hancock County,18059,78168
IN,Harrison County,18061,40515
IN,Hendricks County,18063,170311
IN,Henry County,18065,47972
IN,Howard County,18067,82544
IN,Huntington County,18069,36520
IN,Jackson County,18071,44231
IN,Jasper County,18073,33562
IN,Jay County,18075,20436
IN,Jefferson County,18077,32308
IN,Jennings County,18079,27735
IN,Johnson County,18081,158167
IN,Knox County,18083,36594
IN,Kosciusko County,18085,79456
IN,LaGrange County,18087,39614
IN,Lake County,18089,485493
IN,LaPorte County,18091,109888
IN,Lawrence County,18093,45370
IN,Madison County,18095,129569
IN,Marion County,18097,964582
IN,Marshall County,18099,46258
IN,Martin County,18101,10255
IN,Miami County,18103,35516
IN,Monroe County,18105,148431
IN,Montgomery County,18107,38338
IN,Morgan County,18109,70489
IN,Newton County,18111,13984
IN,Noble County,18113,47744
IN,Ohio County,18115,5875
IN,Orange County,18117,19646
IN,Owen County,18119,20799
IN,Parke County,18121,16937
IN,Perry County,18123,19169
IN,Pike County,18125,12389
IN,Porter County,18127,170389
IN,Posey County,18129,25427
IN,Pulaski County,18131,12353
IN,Putnam County,18133,37576
IN,Randolph County,18135,24665
IN,Ripley County,18137,28324
IN,Rush County,18139,16581
IN,St. Joseph County,18141,271826
IN,Scott County,18143,23873
IN,Shelby County,18145,44729
IN,Spencer County,18147,20277
IN,Starke County,18149,22995
IN,Steuben County,18151,34594
IN,Sullivan County,18153,20669
IN,Switzerland County,18155,10751
IN,Tippecanoe County,18157,195732
IN,Tipton County,18159,15148
IN,Union County,18161,7054
IN,Vanderburgh County,18163,181451
IN,Vermillion County,18165,15498
IN,Vigo County,18167,107038
IN,Wabash County,18169,30996
IN,Warren County,18171,8265
IN,Warrick County,18173,62998
IN,Washington County,18175,28036
IN,Wayne County,18177,65884
IN,Wells County,18179,28296
IN,White County,18181,24102
IN,Whitley County,18183,33964
IA,Adair County,19001,7152
IA,Adams County,19003,3602
IA,Allamakee County,19005,13687
IA,Appanoose County,19007,12426
IA,Audubon County,19009,5496
IA,Benton County,19011,25645
IA,Black Hawk County,19013,131228
IA,Boone County,19015,26234
IA,Bremer County,19017,25062
IA,Buchanan County,19019,21175
IA,Buena Vista County,19021,19620
IA,Butler County,19023,14439
IA,Calhoun County,19025,9668
IA,Carroll County,19027,20165
IA,Cass County,19029,12836
IA,Cedar County,19031,18627
IA,Cerro Gordo County,19033,42450
IA,Cherokee County,19035,11235
IA,Chickasaw County,19037,11933
IA,Clarke County,19039,9395
IA,Clay County,19041,16016
IA,Clayton County,19043,17549
IA,Clinton County,19045,46429
IA,Crawford County,19047,16820
IA,Dallas County,19049,93453
IA,Davis County,19051,9000
IA,Decatur County,19053,7870
IA,Delaware County,19055,17011
IA,Des Moines County,19057,38967
IA,Dickinson County,19059,17258
IA,Dubuque County,19061,97311
IA,Emmet County,19063,9208
IA,Fayette County,19065,19650
IA,Floyd County,19067,15642
IA,Franklin County,19069,10070
IA,Fremont County,19071,6960
IA,Greene County,19073,8888
IA,Grundy County,19075,12232
IA,Guthrie County,19077,10689
IA,Hamilton County,19079,14773
IA,Hancock County,19081,10630
IA,Hardin County,19083,16846
IA,Harrison County,19085,14049
IA,Henry County,19087,19954
IA,Howard County,19089,9158
IA,Humboldt County,19091,9558
IA,Ida County,19093,6860
IA,Iowa County,19095,16184
IA,Jackson County,19097,19439
IA,Jasper County,19099,37185
IA,Jefferson County,19101,18295
IA,Johnson County,19103,151140
IA,Jones County,19105,20681
IA,Keokuk County,19107,10246
IA,Kossuth County,19109,14813
IA,Lee County,19111,33657
IA,Linn County,19113,226706
IA,Louisa County,19115,11035
IA,Lucas County,19117,8600
IA,Lyon County,19119,11755
IA,Madison County,19121,16338
IA,Mahaska County,19123,22095
IA,Marion County,19125,33253
IA,Marshall County,19127,39369
IA,Mills County,19129,15109
IA,Mitchell County,19131,10586
IA,Monona County,19133,8615
IA,Monroe County,19135,7707
IA,Montgomery County,19137,9917
IA,Muscatine County,19139,42664
IA,O'Brien County,19141,13753
IA,Osceola County,19143,5958
IA,Page County,19145,15107
IA,Palo Alto County,19147,8886
IA,Plymouth County,19149,25177
IA,Pocahontas County,19151,6619
IA,Polk County,19153,490161
IA,Pottawattamie County,19155,93206
IA,Poweshiek County,19157,18504
IA,Ringgold County,19159,4894
IA,Sac County,19161,9721
IA,Scott County,19163,172943
IA,Shelby County,19165,11454
IA,Sioux County,19167,34855
IA,Story County,19169,97117
IA,Tama County,19171,16854
IA,Taylor County,19173,6121
IA,Union County,19175,12241
IA,Van Buren County,19177,7044
IA,Wapello County,19179,34969
IA,Warren County,19181,51466
IA,Washington County,19183,21965
IA,Wayne County,19185,6441
IA,Webster County,19187,35904
IA,Winnebago County,19189,10354
IA,Winneshiek County,19191,19991
IA,Woodbury County,19193,103107
IA,Worth County,19195,7381
IA,Wright County,19197,12562
KS,Allen County,20001,12369
KS,Anderson County,20003,7858
KS,Atchison County,20005,16073
KS,Barber County,20007,4427
KS,Barton County,20009,25779
KS,Bourbon County,20011,14534
KS,Brown County,20013,9564
KS,Butler County,20015,66911
KS,Chase County,20017,2648
KS,Chautauqua County,20019,3250
KS,Cherokee County,20021,19939
KS,Cheyenne County,20023,2657
KS,Clark County,20025,1994
KS,Clay County,20027,8002
KS,Cloud County,20029,8786
KS,Coffey County,20031,8179
KS,Comanche County,20033,1700
KS,Cowley County,20035,34908
KS,Crawford County,20037,38818
KS,Decatur County,20039,2827
KS,Dickinson County,20041,18466
KS,Doniphan County,20043,7600
KS,Douglas County,20045,122259
KS,Edwards County,20047,2798
KS,Elk County,20049,2530
KS,Ellis County,20051,28553
KS,Ellsworth County,20053,6102
KS,Finney County,20055,36467
KS,Ford County,20057,33619
KS,Franklin County,20059,25544
KS,Geary County,20061,31670
KS,Gove County,20063,2636
KS,Graham County,20065,2482
KS,Grant County,20067,7150
KS,Gray County,20069,5988
KS,Greeley County,20071,1232
KS,Greenwood County,20073,5982
KS,Hamilton County,20075,2539
KS,Harper County,20077,5436
KS,Harvey County,20079,34429
KS,Haskell County,20081,3968
KS,Hodgeman County,20083,1794
KS,Jackson County,20085,13171
KS,Jefferson County,20087,19043
KS,Jewell County,20089,2879
KS,Johnson County,20091,602401
KS,Kearny County,20093,3838
KS,Kingman County,20095,7152
KS,Kiowa County,20097,2475
KS,Labette County,20099,19618
KS,Lane County,20101,1535
KS,Leavenworth County,20103,81758
KS,Lincoln County,20105,2962
KS,Linn County,20107,9703
KS,Logan County,20109,2794
KS,Lyon County,20111,33195
KS,McPherson County,20113,28542
KS,Marion County,20115,11884
KS,Marshall County,20117,9707
KS,Meade County,20119,4033
KS,Miami County,20121,34237
KS,Mitchell County,20123,5979
KS,Montgomery County,20125,31829
KS,Morris County,20127,5620
KS,Morton County,20129,2587
KS,Nemaha County,20131,10231
KS,Neosho County,20133,16007
KS,Ness County,20135,2750
KS,Norton County,20137,5361
KS,Osage County,20139,15949
KS,Osborne County,20141,3421
KS,Ottawa County,20143,5704
KS,Pawnee County,20145,6414
KS,Phillips County,20147,5234
KS,Pottawatomie County,20149,24383
KS,Pratt County,20151,9164
KS,Rawlins County,20153,2530
KS,Reno County,20155,61998
KS,Republic County,20157,4636
KS,Rice County,20159,9537
KS,Riley County,20161,74232
KS,Rooks County,20163,4920
KS,Rush County,20165,3036
KS,Russell County,20167,6856
KS,Saline County,20169,54224
KS,Scott County,20171,4823
KS,Sedgwick County,20173,516042
KS,Seward County,20175,21428
KS,Shawnee County,20177,176875
KS,Sheridan County,20179,2521
KS,Sherman County,20181,5917
KS,Smith County,20183,3583
KS,Stafford County,20185,4156
KS,Stanton County,20187,2006
KS,Stevens County,20189,5485
KS,Sumner County,20191,22836
KS,Thomas County,20193,7777
KS,Trego County,20195,2803
KS,Wabaunsee County,20197,6931
KS,Wallace County,20199,1518
KS,Washington County,20201,5406
KS,Wichita County,20203,2119
KS,Wilson County,20205,8525
KS,Woodson County,20207,3138
KS,Wyandotte County,20209,165429
KY,Adair County,21001,19202
KY,Allen County,21003,21315
KY,Anderson County,21005,22747
KY,Ballard County,21007,7888
KY,Barren County,21009,44249
KY,Bath County,21011,12500
KY,Bell County,21013,26032
KY,Boone County,21015,133581
KY,Bourbon County,21017,19788
KY,Boyd County,21019,46718
KY,Boyle County,21021,30060
KY,Bracken County,21023,8303
KY,Breathitt County,21025,12630
KY,Breckinridge County,21027,20477
KY,Bullitt County,21029,81676
KY,Butler County,21031,12879
KY,Caldwell County,21033,12747
KY,Calloway County,21035,39001
KY,Campbell County,21037,93584
KY,Carlisle County,21039,4760
KY,Carroll County,21041,10631
KY,Carter County,21043,26797
KY,Casey County,21045,16159
KY,Christian County,21047,70461
KY,Clark County,21049,36263
KY,Clay County,21051,19901
KY,Clinton County,21053,10218
KY,Crittenden County,21055,8806
KY,Cumberland County,21057,6614
KY,Daviess County,21059,101511
KY,Edmonson County,21061,12150
KY,Elliott County,21063,7517
KY,Estill County,21065,14106
KY,Fayette County,21067,323152
KY,Fleming County,21069,14581
KY,Floyd County,21071,35589
KY,Franklin County,21073,50991
KY,Fulton County,21075,5969
KY,Gallatin County,21077,8869
KY,Garrard County,21079,17666
KY,Grant County,21081,25069
KY,Graves County,21083,37266
KY,Grayson County,21085,26427
KY,Green County,21087,10941
KY,Greenup County,21089,35098
KY,Hancock County,21091,8722
KY,Hardin County,21093,110958
KY,Harlan County,21095,26010
KY,Harrison County,21097,18886
KY,Hart County,21099,19035
KY,Henderson County,21101,45210
KY,Henry County,21103,16126
KY,Hickman County,21105,4380
KY,Hopkins County,21107,44686
KY,Jackson County,21109,13329
KY,Jefferson County,21111,766757
KY,Jessamine County,21113,54115
KY,Johnson County,21115,22188
KY,Kenton County,21117,166998
KY,Knott County,21119,14806
KY,Knox County,21121,31145
KY,Larue County,21123,14398
KY,Laurel County,21125,60813
KY,Lawrence County,21127,15317
KY,Lee County,21129,7403
KY,Leslie County,21131,9877
KY,Letcher County,21133,21553
KY,Lewis County,21135,13275
KY,Lincoln County,21137,24549
KY,Livingston County,21139,9194
KY,Logan County,21141,27102
KY,Lyon County,21143,8210
KY,McCracken County,21145,65418
KY,McCreary County,21147,17231
KY,McLean County,21149,9207
KY,Madison County,21151,92987
KY,Magoffin County,21153,12161
KY,Marion County,21155,19273
KY,Marshall County,21157,31100
KY,Martin County,21159,11195
KY,Mason County,21161,17070
KY,Meade County,21163,28572
KY,Menifee County,21165,6489
KY,Mercer County,21167,21933
KY,Metcalfe County,21169,10071
KY,Monroe County,21171,10650
KY,Montgomery County,21173,28157
KY,Morgan County,21175,13309
KY,Muhlenberg County,21177,30622
KY,Nelson County,21179,46233
KY,Nicholas County,21181,7269
KY,Ohio County,21183,23994
KY,Oldham County,21185,66799
KY,Owen County,21187,10901
KY,Owsley County,21189,4415
KY,Pendleton County,21191,14590
KY,Perry County,21193,25758
KY,Pike County,21195,57876
KY,Powell County,21197,12359
KY,Pulaski County,21199,64979
KY,Robertson County,21201,2108
KY,Rockcastle County,21203,16695
KY,Rowan County,21205,24460
KY,Russell County,21207,17923
KY,Scott County,21209,57004
KY,Shelby County,21211,49024
KY,Simpson County,21213,18572
KY,Spencer County,21215,19351
KY,Taylor County,21217,25769
KY,Todd County,21219,12294
KY,Trigg County,21221,14651
KY,Trimble County,21223,8471
KY,Union County,21225,14381
KY,Warren County,21227,132896
KY,Washington County,21229,12095
KY,Wayne County,21231,20333
KY,Webster County,21233,12942
KY,Whitley County,21235,36264
KY,Wolfe County,21237,7157
KY,Woodford County,21239,26734
LA,Acadia Parish,22001,62045
LA,Allen Parish,22003,25627
LA,Ascension Parish,22005,126604
LA,Assumption Parish,22007,21891
LA,Avoyelles Parish,22009,40144
LA,Beauregard Parish,22011,37497
LA,Bienville Parish,22013,13241
LA,Bossier Parish,22015,127039
LA,Caddo Parish,22017,240204
LA,Calcasieu Parish,22019,203436
LA,Caldwell Parish,22021,9918
LA,Cameron Parish,22023,6973
LA,Catahoula Parish,22025,9494
LA,Claiborne Parish,22027,15670
LA,Concordia Parish,22029,19259
LA,De Soto Parish,22031,27463
LA,East Baton Rouge Parish,22033,440059
LA,East Carroll Parish,22035,6861
LA,East Feliciana Parish,22037,19135
LA,Evangeline Parish,22039,33395
LA,Franklin Parish,22041,20015
LA,Grant Parish,22043,22389
LA,Iberia Parish,22045,69830
LA,Iberville Parish,22047,32511
LA,Jackson Parish,22049,15744
LA,Jefferson Parish,22051,432493
LA,Jefferson Davis Parish,22053,31368
LA,Lafayette Parish,22055,244390
LA,Lafourche Parish,22057,97614
LA,LaSalle Parish,22059,14892
LA,Lincoln Parish,22061,46742
LA,Livingston Parish,22063,140789
LA,Madison Parish,22065,10951
LA,Morehouse Parish,22067,24874
LA,Natchitoches Parish,22069,38158
LA,Orleans Parish,22071,390144
LA,Ouachita Parish,22073,153279
LA,Plaquemines Parish,22075,23197
LA,Pointe Coupee Parish,22077,21730
LA,Rapides Parish,22079,129648
LA,Red River Parish,22081,8442
LA,Richland Parish,22083,20122
LA,Sabine Parish,22085,23884
LA,St. Bernard Parish,22087,47244
LA,St. Charles Parish,22089,53100
LA,St. Helena Parish,22091,10132
LA,St. James Parish,22093,21096
LA,St. John the Baptist Parish,22095,42837
LA,St. Landry Parish,22097,82124
LA,St. Martin Parish,22099,53431
LA,St. Mary Parish,22101,49348
LA,St. Tammany Parish,22103,260419
LA,Tangipahoa Parish,22105,134758
LA,Tensas Parish,22107,4334
LA,Terrebonne Parish,22109,110461
LA,Union Parish,22111,22108
LA,Vermilion Parish,22113,59511
LA,Vernon Parish,22115,47429
LA,Washington Parish,22117,46194
LA,Webster Parish,22119,38340
LA,West Baton Rouge Parish,22121,26465
LA,West Carroll Parish,22123,10830
LA,West Feliciana Parish,22125,15568
LA,Winn Parish,22127,13904
ME,Androscoggin County,23001,108277
ME,Aroostook County,23003,67055
ME,Cumberland County,23005,295003
ME,Franklin County,23007,30199
ME,Hancock County,23009,54987
ME,Kennebec County,23011,122302
ME,Knox County,23013,39772
ME,Lincoln County,23015,34634
ME,Oxford County,23017,57975
ME,Penobscot County,23019,152148
ME,Piscataquis County,23021,16785
ME,Sagadahoc County,23023,35856
ME,Somerset County,23025,50484
ME,Waldo County,23027,39715
ME,Washington County,23029,31379
ME,York County,23031,207641
MD,Allegany County,24001,70416
MD,Anne Arundel County,24003,579234
MD,Baltimore County,24005,827370
MD,Calvert County,24009,92525
MD,Caroline County,24011,33406
MD,Carroll County,24013,168447
MD,Cecil County,24015,102855
MD,Charles County,24017,163257
MD,Dorchester County,24019,31929
MD,Frederick County,24021,259547
MD,Garrett County,24023,29014
MD,Harford County,24025,255441
MD,Howard County,24027,325690
MD,Kent County,24029,19422
MD,Montgomery County,24031,1050688
MD,Prince George's County,24033,909327
MD,Queen Anne's County,24035,50381
MD,St. Mary's County,24037,113510
MD,Somerset County,24039,25616
MD,Talbot County,24041,37181
MD,Washington County,24043,151049
MD,Wicomico County,24045,103609
MD,Worcester County,24047,52276
MD,Baltimore city,24510,593490
MA,Barnstable County,25001,212990
MA,Berkshire County,25003,124944
MA,Bristol County,25005,565217
MA,Dukes County,25007,17332
MA,Essex County,25009,789034
MA,Franklin County,25011,70180
MA,Hampden County,25013,466372
MA,Hampshire County,25015,160830
MA,Middlesex County,25017,1611699
MA,Nantucket County,25019,11399
MA,Norfolk County,25021,706775
MA,Plymouth County,25023,521202
MA,Suffolk County,25025,803907
MA,Worcester County,25027,830622
MI,Alcona County,26001,10405
MI,Alger County,26003,9108
MI,Allegan County,26005,118081
MI,Alpena County,26007,28405
MI,Antrim County,26009,23324
MI,Arenac County,26011,14883
MI,Baraga County,26013,8209
MI,Barry County,26015,61550
MI,Bay County,26017,103126
MI,Benzie County,26019,17766
MI,Berrien County,26021,153401
MI,Branch County,26023,43517
MI,Calhoun County,26025,134159
MI,Cass County,26027,51787
MI,Charlevoix County,26029,26143
MI,Cheboygan County,26031,25276
MI,Chippewa County,26033,37349
MI,Clare County,26035,30950
MI,Clinton County,26037,79595
MI,Crawford County,26039,14029
MI,Delta County,26041,35784
MI,Dickinson County,26043,25239
MI,Eaton County,26045,110268
MI,Emmet County,26047,33415
MI,Genesee County,26049,405813
MI,Gladwin County,26051,25449
MI,Gogebic County,26053,13975
MI,Grand Traverse County,26055,93088
MI,Gratiot County,26057,40711
MI,Hillsdale County,26059,45605
MI,Houghton County,26061,35684
MI,Huron County,26063,30981
MI,Ingham County,26065,292406
MI,Ionia County,26067,64697
MI,Iosco County,26069,25127
MI,Iron County,26071,11066
MI,Isabella County,26073,69872
MI,Jackson County,26075,158510
MI,Kalamazoo County,26077,265066
MI,Kalkaska County,26079,18038
MI,Kent County,26081,656955
MI,Keweenaw County,26083,2116
MI,Lake County,26085,11853
MI,Lapeer County,26087,87607
MI,Leelanau County,26089,21761
MI,Lenawee County,26091,98451
MI,Livingston County,26093,191995
MI,Luce County,26095,6229
MI,Mackinac County,26097,10799
MI,Macomb County,26099,873972
MI,Manistee County,26101,24558
MI,Marquette County,26103,66699
MI,Mason County,26105,29144
MI,Mecosta County,26107,43453
MI,Menominee County,26109,22780
MI,Midland County,26111,83156
MI,Missaukee County,26113,15118
MI,Monroe County,26115,150500
MI,Montcalm County,26117,63888
MI,Montmorency County,26119,9328
MI,Muskegon County,26121,173566
MI,Newaygo County,26123,48980
MI,Oakland County,26125,1257584
MI,Oceana County,26127,26467
MI,Ogemaw County,26129,20997
MI,Ontonagon County,26131,5720
MI,Osceola County,26133,23460
MI,Oscoda County,26135,8241
MI,Otsego County,26137,24668
MI,Ottawa County,26139,291830
MI,Presque Isle County,26141,12592
MI,Roscommon County,26143,24019
MI,Saginaw County,26145,190539
MI,St. Clair County,26147,159128
MI,St. Joseph County,26149,60964
MI,Sanilac County,26151,41170
MI,Schoolcraft County,26153,8094
MI,Shiawassee County,26155,68122
MI,Tuscola County,26157,52245
MI,Van Buren County,26159,75677
MI,Washtenaw County,26161,367601
MI,Wayne County,26163,1749343
MI,Wexford County,26165,33631
MN,Aitkin County,27001,15886
MN,Anoka County,27003,356921
MN,Becker County,27005,34423
MN,Beltrami County,27007,47188
MN,Benton County,27009,40889
MN,Big Stone County,27011,4991
MN,Blue Earth County,27013,67653
MN,Brown County,27015,25008
MN,Carlton County,27017,35871
MN,Carver County,27019,105089
MN,Cass County,27021,29779
MN,Chippewa County,27023,11800
MN,Chisago County,27025,56579
MN,Clay County,27027,64222
MN,Clearwater County,27029,8818
MN,Cook County,27031,5463
MN,Cottonwood County,27033,11196
MN,Crow Wing County,27035,65055
MN,Dakota County,27037,429021
MN,Dodge County,27039,20934
MN,Douglas County,27041,38141
MN,Faribault County,27043,13653
MN,Fillmore County,27045,21067
MN,Freeborn County,27047,30281
MN,Goodhue County,27049,46340
MN,Grant County,27051,5972
MN,Hennepin County,27053,1265843
MN,Houston County,27055,18600
MN,Hubbard County,27057,21491
MN,Isanti County,27059,40596
MN,Itasca County,27061,45130
MN,Jackson County,27063,9846
MN,Kanabec County,27065,16337
MN,Kandiyohi County,27067,43199
MN,Kittson County,27069,4298
MN,Koochiching County,27071,12229
MN,Lac qui Parle County,27073,6623
MN,Lake County,27075,10641
MN,Lake of the Woods County,27077,3740
MN,Le Sueur County,27079,28887
MN,Lincoln County,27081,5639
MN,Lyon County,27083,25474
MN,McLeod County,27085,35893
MN,Mahnomen County,27087,5527
MN,Marshall County,27089,9336
MN,Martin County,27091,19683
MN,Meeker County,27093,23222
MN,Mille Lacs County,27095,26277
MN,Morrison County,27097,33386
MN,Mower County,27099,40062
MN,Murray County,27101,8194
MN,Nicollet County,27103,34274
MN,Nobles County,27105,21629
MN,Norman County,27107,6375
MN,Olmsted County,27109,158293
MN,Otter Tail County,27111,58746
MN,Pennington County,27113,14119
MN,Pine County,27115,29579
MN,Pipestone County,27117,9126
MN,Polk County,27119,31364
MN,Pope County,27121,11249
MN,Ramsey County,27123,550321
MN,Red Lake County,27125,4055
MN,Redwood County,27127,15170
MN,Renville County,27129,14548
MN,Rice County,27131,66972
MN,Rock County,27133,9315
MN,Roseau County,27135,15165
MN,St. Louis County,27137,199070
MN,Scott County,27139,149013
MN,Sherburne County,27141,97238
MN,Sibley County,27143,14865
MN,Stearns County,27145,161075
MN,Steele County,27147,36649
MN,Stevens County,27149,9805
MN,Swift County,27151,9266
MN,Todd County,27153,24664
MN,Traverse County,27155,3259
MN,Wabasha County,27157,21627
MN,Wadena County,27159,13682
MN,Waseca County,27161,18612
MN,Washington County,27163,262440
MN,Watonwan County,27165,10897
MN,Wilkin County,27167,6207
MN,Winona County,27169,50484
MN,Wright County,27171,138377
MN,Yellow Medicine County,27173,9709
MS,Adams County,28001,30693
MS,Alcorn County,28003,36953
MS,Amite County,28005,12297
MS,Attala County,28007,18174
MS,Benton County,28009,8259
MS,Bolivar County,28011,30628
MS,Calhoun County,28013,14361
MS,Carroll County,28015,9947
MS,Chickasaw County,28017,17103
MS,Choctaw County,28019,8210
MS,Claiborne County,28021,8988
MS,Clarke County,28023,15541
MS,Clay County,28025,19316
MS,Coahoma County,28027,22124
MS,Copiah County,28029,28065
MS,Covington County,28031,18636
MS,DeSoto County,28033,184945
MS,Forrest County,28035,74897
MS,Franklin County,28037,7713
MS,George County,28039,24500
MS,Greene County,28041,13586
MS,Grenada County,28043,20758
MS,Hancock County,28045,47632
MS,Harrison County,28047,208080
MS,Hinds County,28049,231840
MS,Holmes County,28051,17010
MS,Humphreys County,28053,8064
MS,Issaquena County,28055,1327
MS,Itawamba County,28057,23390
MS,Jackson County,28059,143617
MS,Jasper County,28061,16383
MS,Jefferson County,28063,6990
MS,Jefferson Davis County,28065,11128
MS,Jones County,28067,68098
MS,Kemper County,28069,9742
MS,Lafayette County,28071,54019
MS,Lamar County,28073,63343
MS,Lauderdale County,28075,74125
MS,Lawrence County,28077,12586
MS,Leake County,28079,22786
MS,Lee County,28081,85436
MS,Leflore County,28083,28183
MS,Lincoln County,28085,34153
MS,Lowndes County,28087,58595
MS,Madison County,28089,106272
MS,Marion County,28091,24573
MS,Marshall County,28093,35294
MS,Monroe County,28095,35252
MS,Montgomery County,28097,9775
MS,Neshoba County,28099,29118
MS,Newton County,28101,21018
MS,Noxubee County,28103,10417
MS,Oktibbeha County,28105,49587
MS,Panola County,28107,34192
MS,Pearl River County,28109,55535
MS,Perry County,28111,11973
MS,Pike County,28113,39288
MS,Pontotoc County,28115,32174
MS,Prentiss County,28117,25126
MS,Quitman County,28119,6792
MS,Rankin County,28121,155271
MS,Scott County,28123,28124
MS,Sharkey County,28125,4321
MS,Simpson County,28127,26658
MS,Smith County,28129,15916
MS,Stone County,28131,18336
MS,Sunflower County,28133,25110
MS,Tallahatchie County,28135,13809
MS,Tate County,28137,28321
MS,Tippah County,28139,22015
MS,Tishomingo County,28141,19383
MS,Tunica County,28143,9632
MS,Union County,28145,28815
MS,Walthall County,28147,14286
MS,Warren County,28149,45381
MS,Washington County,28151,43909
MS,Wayne County,28153,20183
MS,Webster County,28155,9689
MS,Wilkinson County,28157,8630
MS,Winston County,28159,17955
MS,Yalobusha County,28161,12108
MS,Yazoo County,28163,29690
MO,Adair County,29001,25343
MO,Andrew County,29003,17712
MO,Atchison County,29005,5143
MO,Audrain County,29007,25388
MO,Barry County,29009,35789
MO,Barton County,29011,11754
MO,Bates County,29013,16172
MO,Benton County,29015,19443
MO,Bollinger County,29017,12133
MO,Boone County,29019,180463
MO,Buchanan County,29021,87364
MO,Butler County,29023,42478
MO,Caldwell County,29025,9020
MO,Callaway County,29027,44743
MO,Camden County,29029,46305
MO,Cape Girardeau County,29031,78871
MO,Carroll County,29033,8679
MO,Carter County,29035,5982
MO,Cass County,29037,105780
MO,Cedar County,29039,14349
MO,Chariton County,29041,7426
MO,Christian County,29043,88595
MO,Clark County,29045,6797
MO,Clay County,29047,249948
MO,Clinton County,29049,20387
MO,Cole County,29051,76745
MO,Cooper County,29053,17709
MO,Crawford County,29055,23920
MO,Dade County,29057,7561
MO,Dallas County,29059,16878
MO,Daviess County,29061,8278
MO,DeKalb County,29063,12547
MO,Dent County,29065,15573
MO,Douglas County,29067,13185
MO,Dunklin County,29069,29131
MO,Franklin County,29071,103967
MO,Gasconade County,29073,14706
MO,Gentry County,29075,6571
MO,Greene County,29077,293086
MO,Grundy County,29079,9850
MO,Harrison County,29081,8352
MO,Henry County,29083,21824
MO,Hickory County,29085,9544
MO,Holt County,29087,4403
MO,Howard County,29089,10001
MO,Howell County,29091,40117
MO,Iron County,29093,10125
MO,Jackson County,29095,703011
MO,Jasper County,29097,121328
MO,Jefferson County,29099,225081
MO,Johnson County,29101,54062
MO,Knox County,29103,3959
MO,Laclede County,29105,35723
MO,Lafayette County,29107,32708
MO,Lawrence County,29109,38355
MO,Lewis County,29111,9776
MO,Lincoln County,29113,59013
MO,Linn County,29115,11920
MO,Livingston County,29117,15227
MO,McDonald County,29119,22837
MO,Macon County,29121,15117
MO,Madison County,29123,12088
MO,Maries County,29125,8697
MO,Marion County,29127,28530
MO,Mercer County,29129,3617
MO,Miller County,29131,25619
MO,Mississippi County,29133,13180
MO,Moniteau County,29135,16132
MO,Monroe County,29137,8644
MO,Montgomery County,29139,11551
MO,Morgan County,29141,20627
MO,New Madrid County,29143,17076
MO,Newton County,29145,58236
MO,Nodaway County,29147,22092
MO,Oregon County,29149,10529
MO,Osage County,29151,13615
MO,Ozark County,29153,9174
MO,Pemiscot County,29155,15805
MO,Perry County,29157,19136
MO,Pettis County,29159,42339
MO,Phelps County,29161,44573
MO,Pike County,29163,18302
MO,Platte County,29165,104418
MO,Polk County,29167,32149
MO,Pulaski County,29169,52607
MO,Putnam County,29171,4696
MO,Ralls County,29173,10309
MO,Randolph County,29175,24748
MO,Ray County,29177,23018
MO,Reynolds County,29179,6270
MO,Ripley County,29181,13288
MO,St. Charles County,29183,402022
MO,St. Clair County,29185,9397
MO,Ste. Genevieve County,29186,17894
MO,St. Francois County,29187,67215
MO,St. Louis County,29189,994205
MO,Saline County,29195,22761
MO,Schuyler County,29197,4660
MO,Scotland County,29199,4902
MO,Scott County,29201,38280
MO,Shannon County,29203,8166
MO,Shelby County,29205,5930
MO,Stoddard County,29207,29025
MO,Stone County,29209,31952
MO,Sullivan County,29211,6089
MO,Taney County,29213,55928
MO,Texas County,29215,25398
MO,Vernon County,29217,20563
MO,Warren County,29219,35649
MO,Washington County,29221,24730
MO,Wayne County,29223,12873
MO,Webster County,29225,39592
MO,Worth County,29227,2013
MO,Wright County,29229,18289
MO,St. Louis city,29510,300576
MT,Beaverhead County,30001,9453
MT,Big Horn County,30003,13319
MT,Blaine County,30005,6681
MT,Broadwater County,30007,6237
MT,Carbon County,30009,10725
MT,Carter County,30011,1252
MT,Cascade County,30013,81366
MT,Chouteau County,30015,5635
MT,Custer County,30017,11402
MT,Daniels County,30019,1690
MT,Dawson County,30021,8613
MT,Deer Lodge County,30023,9140
MT,Fallon County,30025,2846
MT,Fergus County,30027,11050
MT,Flathead County,30029,103806
MT,Gallatin County,30031,114434
MT,Garfield County,30033,1258
MT,Glacier County,30035,13753
MT,Golden Valley County,30037,821
MT,Granite County,30039,3379
MT,Hill County,30041,16484
MT,Jefferson County,30043,12221
MT,Judith Basin County,30045,2007
MT,Lake County,30047,30458
MT,Lewis and Clark County,30049,69432
MT,Liberty County,30051,2337
MT,Lincoln County,30053,19980
MT,McCone County,30055,1664
MT,Madison County,30057,8600
MT,Meagher County,30059,1862
MT,Mineral County,30061,4397
MT,Missoula County,30063,119600
MT,Musselshell County,30065,4633
MT,Park County,30067,16606
MT,Petroleum County,30069,487
MT,Phillips County,30071,3954
MT,Pondera County,30073,5911
MT,Powder River County,30075,1682
MT,Powell County,30077,6890
MT,Prairie County,30079,1077
MT,Ravalli County,30081,43806
MT,Richland County,30083,10803
MT,Roosevelt County,30085,11004
MT,Rosebud County,30087,8937
MT,Sanders County,30089,12113
MT,Sheridan County,30091,3309
MT,Silver Bow County,30093,34915
MT,Stillwater County,30095,9642
MT,Sweet Grass County,30097,3737
MT,Teton County,30099,6147
MT,Toole County,30101,4736
MT,Treasure County,30103,696
MT,Valley County,30105,7396
MT,Wheatland County,30107,2126
MT,Wibaux County,30109,969
MT,Yellowstone County,30111,161300
NE,Adams County,31001,31363
NE,Antelope County,31003,6298
NE,Arthur County,31005,463
NE,Banner County,31007,745
NE,Blaine County,31009,465
NE,Boone County,31011,5192
NE,Box Butte County,31013,10783
NE,Boyd County,31015,1919
NE,Brown County,31017,2955
NE,Buffalo County,31019,49659
NE,Burt County,31021,6459
NE,Butler County,31023,8016
NE,Cass County,31025,26248
NE,Cedar County,31027,8402
NE,Chase County,31029,3924
NE,Cherry County,31031,5689
NE,Cheyenne County,31033,8910
NE,Clay County,31035,6203
NE,Colfax County,31037,10709
NE,Cuming County,31039,8846
NE,Custer County,31041,10777
NE,Dakota County,31043,20026
NE,Dawes County,31045,8589
NE,Dawson County,31047,23595
NE,Deuel County,31049,1794
NE,Dixon County,31051,5636
NE,Dodge County,31053,36565
NE,Douglas County,31055,571327
NE,Dundy County,31057,1693
NE,Fillmore County,31059,5462
NE,Franklin County,31061,2979
NE,Frontier County,31063,2627
NE,Furnas County,31065,4676
NE,Gage County,31067,21513
NE,Garden County,31069,1837
NE,Garfield County,31071,1969
NE,Gosper County,31073,1990
NE,Grant County,31075,623
NE,Greeley County,31077,2356
NE,Hall County,31079,61353
NE,Hamilton County,31081,9324
NE,Harlan County,31083,3380
NE,Hayes County,31085,922
NE,Hitchcock County,31087,2762
NE,Holt County,31089,10067
NE,Hooker County,31091,682
NE,Howard County,31093,6445
NE,Jefferson County,31095,7046
NE,Johnson County,31097,5071
NE,Kearney County,31099,6495
NE,Keith County,31101,8034
NE,Keya Paha County,31103,806
NE,Kimball County,31105,3632
NE,Knox County,31107,8332
NE,Lancaster County,31109,319090
NE,Lincoln County,31111,34914
NE,Logan County,31113,748
NE,Loup County,31115,664
NE,McPherson County,31117,494
NE,Madison County,31119,35099
NE,Merrick County,31121,7755
NE,Morrill County,31123,4642
NE,Nance County,31125,3519
NE,Nemaha County,31127,6972
NE,Nuckolls County,31129,4148
NE,Otoe County,31131,16012
NE,Pawnee County,31133,2613
NE,Perkins County,31135,2891
NE,Phelps County,31137,9034
NE,Pierce County,31139,7148
NE,Platte County,31141,33470
NE,Polk County,31143,5213
NE,Red Willow County,31145,10724
NE,Richardson County,31147,7865
NE,Rock County,31149,1357
NE,Saline County,31151,14224
NE,Sarpy County,31153,187196
NE,Saunders County,31155,21578
NE,Scotts Bluff County,31157,35618
NE,Seward County,31159,17284
NE,Sheridan County,31161,5246
NE,Sherman County,31163,3001
NE,Sioux County,31165,1166
NE,Stanton County,31167,5920
NE,Thayer County,31169,5003
NE,Thomas County,31171,722
NE,Thurston County,31173,7224
NE,Valley County,31175,4158
NE,Washington County,31177,20729
NE,Wayne County,31179,9385
NE,Webster County,31181,3487
NE,Wheeler County,31183,783
NE,York County,31185,13679
NV,Churchill County,32001,24909
NV,Clark County,32003,2266715
NV,Douglas County,32005,48905
NV,Elko County,32007,52778
NV,Esmeralda County,32009,873
NV,Eureka County,32011,2029
NV,Humboldt County,32013,16831
NV,Lander County,32015,5532
NV,Lincoln County,32017,5183
NV,Lyon County,32019,57510
NV,Mineral County,32021,4505
NV,Nye County,32023,46523
NV,Pershing County,32027,6725
NV,Storey County,32029,4123
NV,Washoe County,32031,471519
NV,White Pine County,32033,9580
NV,Carson City,32510,55916
NH,Belknap County,33001,61303
NH,Carroll County,33003,48910
NH,Cheshire County,33005,76085
NH,Coos County,33007,31563
NH,Grafton County,33009,89886
NH,Hillsborough County,33011,417025
NH,Merrimack County,33013,151391
NH,Rockingham County,33015,309769
NH,Strafford County,33017,130633
NH,Sullivan County,33019,43146
NJ,Atlantic County,34001,263670
NJ,Bergen County,34003,932202
NJ,Burlington County,34005,445349
NJ,Camden County,34007,506471
NJ,Cape May County,34009,92039
NJ,Cumberland County,34011,149527
NJ,Essex County,34013,798975
NJ,Gloucester County,34015,291636
NJ,Hudson County,34017,672391
NJ,Hunterdon County,34019,124371
NJ,Mercer County,34021,367430
NJ,Middlesex County,34023,825062
NJ,Monmouth County,34025,618795
NJ,Morris County,34027,491845
NJ,Ocean County,34029,607186
NJ,Passaic County,34031,501826
NJ,Salem County,34033,62385
NJ,Somerset County,34035,328934
NJ,Sussex County,34037,140488
NJ,Union County,34039,556341
NJ,Warren County,34041,105267
NM,Bernalillo County,35001,679121
NM,Catron County,35003,3527
NM,Chaves County,35005,64615
NM,Cibola County,35006,26675
NM,Colfax County,35007,11941
NM,Curry County,35009,48954
NM,De Baca County,35011,1748
NM,Doa Ana County,35013,218195
NM,Eddy County,35015,58460
NM,Grant County,35017,26998
NM,Guadalupe County,35019,4300
NM,Harding County,35021,625
NM,Hidalgo County,35023,4198
NM,Lea County,35025,71070
NM,Lincoln County,35027,19572
NM,Los Alamos County,35028,19369
NM,Luna County,35029,23709
NM,McKinley County,35031,71367
NM,Mora County,35033,4521
NM,Otero County,35035,67490
NM,Quay County,35037,8253
NM,Rio Arriba County,35039,38921
NM,Roosevelt County,35041,18500
NM,Sandoval County,35043,146748
NM,San Juan County,35045,123958
NM,San Miguel County,35047,27277
NM,Santa Fe County,35049,150358
NM,Sierra County,35051,10791
NM,Socorro County,35053,16637
NM,Taos County,35055,32723
NM,Torrance County,35057,15461
NM,Union County,35059,4059
NM,Valencia County,35061,76688
NY,Albany County,36001,305506
NY,Allegany County,36003,46091
NY,Bronx County,36005,1418207
NY,Broome County,36007,190488
NY,Cattaraugus County,36009,76117
NY,Cayuga County,36011,76576
NY,Chautauqua County,36013,126903
NY,Chemung County,36015,83456
NY,Chenango County,36017,47207
NY,Clinton County,36019,80485
NY,Columbia County,36021,59461
NY,Cortland County,36023,47581
NY,Delaware County,36025,44135
NY,Dutchess County,36027,294218
NY,Erie County,36029,918702
NY,Essex County,36031,36885
NY,Franklin County,36033,50022
NY,Fulton County,36035,53383
NY,Genesee County,36037,57280
NY,Greene County,36039,47188
NY,Hamilton County,36041,4416
NY,Herkimer County,36043,61319
NY,Jefferson County,36045,109834
NY,Kings County,36047,2559903
NY,Lewis County,36049,26296
NY,Livingston County,36051,62914
NY,Madison County,36053,70941
NY,Monroe County,36055,741770
NY,Montgomery County,36057,49221
NY,Nassau County,36059,1356924
NY,New York County,36061,1628706
NY,Niagara County,36063,209281
NY,Oneida County,36065,228671
NY,Onondaga County,36067,460528
NY,Ontario County,36069,109777
NY,Orange County,36071,384940
NY,Orleans County,36073,40352
NY,Oswego County,36075,117124
NY,Otsego County,36077,59493
NY,Putnam County,36079,98320
NY,Queens County,36081,2253858
NY,Rensselaer County,36083,158714
NY,Richmond County,36085,476143
NY,Rockland County,36087,325789
NY,St. Lawrence County,36089,107740
NY,Saratoga County,36091,229863
NY,Schenectady County,36093,155299
NY,Schoharie County,36095,30999
NY,Schuyler County,36097,17807
NY,Seneca County,36099,34016
NY,Steuben County,36101,95379
NY,Suffolk County,36103,1476601
NY,Sullivan County,36105,75432
NY,Tioga County,36107,48203
NY,Tompkins County,36109,102180
NY,Ulster County,36111,177573
NY,Warren County,36113,63944
NY,Washington County,36115,61204
NY,Wayne County,36117,89918
NY,Westchester County,36119,967506
NY,Wyoming County,36121,39859
NY,Yates County,36123,24913
NC,Alamance County,37001,169509
NC,Alexander County,37003,37497
NC,Alleghany County,37005,11137
NC,Anson County,37007,24446
NC,Ashe County,37009,27203
NC,Avery County,37011,17557
NC,Beaufort County,37013,46994
NC,Bertie County,37015,18947
NC,Bladen County,37017,32722
NC,Brunswick County,37019,142820
NC,Buncombe County,37021,261191
NC,Burke County,37023,90485
NC,Cabarrus County,37025,216453
NC,Caldwell County,37027,82178
NC,Camden County,37029,10867
NC,Carteret County,37031,69473
NC,Caswell County,37033,22604
NC,Catawba County,37035,159551
NC,Chatham County,37037,74470
NC,Cherokee County,37039,28612
NC,Chowan County,37041,13943
NC,Clay County,37043,11231
NC,Cleveland County,37045,97947
NC,Columbus County,37047,55508
NC,Craven County,37049,102139
NC,Cumberland County,37051,335509
NC,Currituck County,37053,27763
NC,Dare County,37055,37009
NC,Davidson County,37057,167609
NC,Davie County,37059,42846
NC,Duplin County,37061,58741
NC,Durham County,37063,321488
NC,Edgecombe County,37065,51472
NC,Forsyth County,37067,382295
NC,Franklin County,37069,69685
NC,Gaston County,37071,224529
NC,Gates County,37073,11562
NC,Graham County,37075,8441
NC,Granville County,37077,60443
NC,Greene County,37079,21069
NC,Guilford County,37081,537174
NC,Halifax County,37083,50010
NC,Harnett County,37085,135976
NC,Haywood County,37087,62317
NC,Henderson County,37089,117417
NC,Hertford County,37091,23677
NC,Hoke County,37093,55234
NC,Hyde County,37095,4937
NC,Iredell County,37097,181806
NC,Jackson County,37099,43938
NC,Johnston County,37101,209339
NC,Jones County,37103,9419
NC,Lee County,37105,61779
NC,Lenoir County,37107,55949
NC,Lincoln County,37109,86111
NC,McDowell County,37111,45756
NC,Macon County,37113,35858
NC,Madison County,37115,21755
NC,Martin County,37117,22440
NC,Mecklenburg County,37119,1110356
NC,Mitchell County,37121,14964
NC,Montgomery County,37123,27173
NC,Moore County,37125,100880
NC,Nash County,37127,94298
NC,New Hanover County,37129,234473
NC,Northampton County,37131,19483
NC,Onslow County,37133,197938
NC,Orange County,37135,148476
NC,Pamlico County,37137,12726
NC,Pasquotank County,37139,39824
NC,Pender County,37141,63060
NC,Perquimans County,37143,13463
NC,Person County,37145,39490
NC,Pitt County,37147,180742
NC,Polk County,37149,20724
NC,Randolph County,37151,143667
NC,Richmond County,37153,44829
NC,Robeson County,37155,130625
NC,Rockingham County,37157,91010
NC,Rowan County,37159,142088
NC,Rutherford County,37161,67029
NC,Sampson County,37163,63531
NC,Scotland County,37165,34823
NC,Stanly County,37167,62806
NC,Stokes County,37169,45591
NC,Surry County,37171,71783
NC,Swain County,37173,14271
NC,Transylvania County,37175,34385
NC,Tyrrell County,37177,4016
NC,Union County,37179,239859
NC,Vance County,37181,44535
NC,Wake County,37183,1111761
NC,Warren County,37185,19731
NC,Washington County,37187,11580
NC,Watauga County,37189,56177
NC,Wayne County,37191,123131
NC,Wilkes County,37193,68412
NC,Wilson County,37195,81801
NC,Yadkin County,37197,37667
NC,Yancey County,37199,18069
ND,Adams County,38001,2216
ND,Barnes County,38003,10415
ND,Benson County,38005,6832
ND,Billings County,38007,928
ND,Bottineau County,38009,6282
ND,Bowman County,38011,3024
ND,Burke County,38013,2115
ND,Burleigh County,38015,95626
ND,Cass County,38017,181923
ND,Cavalier County,38019,3762
ND,Dickey County,38021,4872
ND,Divide County,38023,2264
ND,Dunn County,38025,4424
ND,Eddy County,38027,2287
ND,Emmons County,38029,3241
ND,Foster County,38031,3210
ND,Golden Valley County,38033,1761
ND,Grand Forks County,38035,69451
ND,Grant County,38037,2274
ND,Griggs County,38039,2231
ND,Hettinger County,38041,2499
ND,Kidder County,38043,2480
ND,LaMoure County,38045,4046
ND,Logan County,38047,1850
ND,McHenry County,38049,5745
ND,McIntosh County,38051,2497
ND,McKenzie County,38053,15024
ND,McLean County,38055,9450
ND,Mercer County,38057,8187
ND,Morton County,38059,31364
ND,Mountrail County,38061,10545
ND,Nelson County,38063,2879
ND,Oliver County,38065,1959
ND,Pembina County,38067,6801
ND,Pierce County,38069,3975
ND,Ramsey County,38071,11519
ND,Ransom County,38073,5218
ND,Renville County,38075,2327
ND,Richland County,38077,16177
ND,Rolette County,38079,14176
ND,Sargent County,38081,3898
ND,Sheridan County,38083,1315
ND,Sioux County,38085,4230
ND,Slope County,38087,750
ND,Stark County,38089,31489
ND,Steele County,38091,1890
ND,Stutsman County,38093,20704
ND,Towner County,38095,2189
ND,Traill County,38097,8036
ND,Walsh County,38099,10641
ND,Ward County,38101,67641
ND,Wells County,38103,3834
ND,Williams County,38105,37589
OH,Adams County,39001,27698
OH,Allen County,39003,102351
OH,Ashland County,39005,53484
OH,Ashtabula County,39007,97241
OH,Athens County,39009,65327
OH,Auglaize County,39011,45656
OH,Belmont County,39013,67006
OH,Brown County,39015,43432
OH,Butler County,39017,383134
OH,Carroll County,39019,26914
OH,Champaign County,39021,38885
OH,Clark County,39023,134083
OH,Clermont County,39025,206428
OH,Clinton County,39027,41968
OH,Columbiana County,39029,101883
OH,Coshocton County,39031,36600
OH,Crawford County,39033,41494
OH,Cuyahoga County,39035,1235072
OH,Darke County,39037,51113
OH,Defiance County,39039,38087
OH,Delaware County,39041,209177
OH,Erie County,39043,74266
OH,Fairfield County,39045,157574
OH,Fayette County,39047,28525
OH,Franklin County,39049,1316756
OH,Fulton County,39051,42126
OH,Gallia County,39053,29898
OH,Geauga County,39055,93649
OH,Greene County,39057,168937
OH,Guernsey County,39059,38875
OH,Hamilton County,39061,817473
OH,Hancock County,39063,75783
OH,Hardin County,39065,31365
OH,Harrison County,39067,15040
OH,Henry County,39069,27006
OH,Highland County,39071,43161
OH,Hocking County,39073,28264
OH,Holmes County,39075,43960
OH,Huron County,39077,58266
OH,Jackson County,39079,32413
OH,Jefferson County,39081,65325
OH,Knox County,39083,62322
OH,Lake County,39085,230149
OH,Lawrence County,39087,59463
OH,Licking County,39089,176862
OH,Logan County,39091,45672
OH,Lorain County,39093,309833
OH,Lucas County,39095,428348
OH,Madison County,39097,44731
OH,Mahoning County,39099,228683
OH,Marion County,39101,65093
OH,Medina County,39103,179746
OH,Meigs County,39105,22907
OH,Mercer County,39107,41172
OH,Miami County,39109,106987
OH,Monroe County,39111,13654
OH,Montgomery County,39113,531687
OH,Morgan County,39115,14508
OH,Morrow County,39117,35328
OH,Muskingum County,39119,86215
OH,Noble County,39121,14424
OH,Ottawa County,39123,40525
OH,Paulding County,39125,18672
OH,Perry County,39127,36134
OH,Pickaway County,39129,58457
OH,Pike County,39131,27772
OH,Portage County,39133,162466
OH,Preble County,39135,40882
OH,Putnam County,39137,33861
OH,Richland County,39139,121154
OH,Ross County,39141,76666
OH,Sandusky County,39143,58518
OH,Scioto County,39145,75314
OH,Seneca County,39147,55178
OH,Shelby County,39149,48590
OH,Stark County,39151,370606
OH,Summit County,39153,541013
OH,Trumbull County,39155,197974
OH,Tuscarawas County,39157,91987
OH,Union County,39159,58988
OH,Van Wert County,39161,28275
OH,Vinton County,39163,13085
OH,Warren County,39165,234602
OH,Washington County,39167,59911
OH,Wayne County,39169,115710
OH,Williams County,39171,36692
OH,Wood County,39173,130817
OH,Wyandot County,39175,21772
OK,Adair County,40001,22194
OK,Alfalfa County,40003,5702
OK,Atoka County,40005,13758
OK,Beaver County,40007,5311
OK,Beckham County,40009,21859
OK,Blaine County,40011,9429
OK,Bryan County,40013,47995
OK,Caddo County,40015,28762
OK,Canadian County,40017,148306
OK,Carter County,40019,48111
OK,Cherokee County,40021,48657
OK,Choctaw County,40023,14672
OK,Cimarron County,40025,2137
OK,Cleveland County,40027,284014
OK,Coal County,40029,5495
OK,Comanche County,40031,120749
OK,Cotton County,40033,5666
OK,Craig County,40035,14142
OK,Creek County,40037,71522
OK,Custer County,40039,29003
OK,Delaware County,40041,43009
OK,Dewey County,40043,4891
OK,Ellis County,40045,3859
OK,Garfield County,40047,61056
OK,Garvin County,40049,27711
OK,Grady County,40051,55834
OK,Grant County,40053,4333
OK,Greer County,40055,5712
OK,Harmon County,40057,2653
OK,Harper County,40059,3688
OK,Haskell County,40061,12627
OK,Hughes County,40063,13279
OK,Jackson County,40065,24530
OK,Jefferson County,40067,6002
OK,Johnston County,40069,11085
OK,Kay County,40071,43538
OK,Kingfisher County,40073,15765
OK,Kiowa County,40075,8708
OK,Latimer County,40077,10073
OK,Le Flore County,40079,49853
OK,Lincoln County,40081,34877
OK,Logan County,40083,48011
OK,Love County,40085,10253
OK,McClain County,40087,40474
OK,McCurtain County,40089,32832
OK,McIntosh County,40091,19596
OK,Major County,40093,7629
OK,Marshall County,40095,16931
OK,Mayes County,40097,41100
OK,Murray County,40099,14073
OK,Muskogee County,40101,67997
OK,Noble County,40103,11131
OK,Nowata County,40105,10076
OK,Okfuskee County,40107,11993
OK,Oklahoma County,40109,797434
OK,Okmulgee County,40111,38465
OK,Osage County,40113,46963
OK,Ottawa County,40115,31127
OK,Pawnee County,40117,16376
OK,Payne County,40119,81784
OK,Pittsburg County,40121,43654
OK,Pontotoc County,40123,38284
OK,Pottawatomie County,40125,72592
OK,Pushmataha County,40127,11096
OK,Roger Mills County,40129,3583
OK,Rogers County,40131,92459
OK,Seminole County,40133,24258
OK,Sequoyah County,40135,41569
OK,Stephens County,40137,43143
OK,Texas County,40139,19983
OK,Tillman County,40141,7250
OK,Tulsa County,40143,651552
OK,Wagoner County,40145,81289
OK,Washington County,40147,51527
OK,Washita County,40149,10916
OK,Woods County,40151,8793
OK,Woodward County,40153,20211
OR,Baker County,41001,16124
OR,Benton County,41003,93053
OR,Clackamas County,41005,418187
OR,Clatsop County,41007,40224
OR,Columbia County,41009,52354
OR,Coos County,41011,64487
OR,Crook County,41013,24404
OR,Curry County,41015,22925
OR,Deschutes County,41017,197692
OR,Douglas County,41019,110980
OR,Gilliam County,41021,1912
OR,Grant County,41023,7199
OR,Harney County,41025,7393
OR,Hood River County,41027,23382
OR,Jackson County,41029,220944
OR,Jefferson County,41031,24658
OR,Josephine County,41033,87487
OR,Klamath County,41035,68238
OR,Lake County,41037,7869
OR,Lane County,41039,382067
OR,Lincoln County,41041,49962
OR,Linn County,41043,129749
OR,Malheur County,41045,30571
OR,Marion County,41047,347818
OR,Morrow County,41049,11603
OR,Multnomah County,41051,812855
OR,Polk County,41053,86085
OR,Sherman County,41055,1780
OR,Tillamook County,41057,27036
OR,Umatilla County,41059,77950
OR,Union County,41061,26835
OR,Wallowa County,41063,7208
OR,Wasco County,41065,26682
OR,Washington County,41067,601592
OR,Wheeler County,41069,1332
OR,Yamhill County,41071,107100
PA,Adams County,42001,103009
PA,Allegheny County,42003,1216045
PA,Armstrong County,42005,64735
PA,Beaver County,42007,163929
PA,Bedford County,42009,47888
PA,Berks County,42011,421164
PA,Blair County,42013,121829
PA,Bradford County,42015,60323
PA,Bucks County,42017,628270
PA,Butler County,42019,187853
PA,Cambria County,42021,130192
PA,Cameron County,42023,4447
PA,Carbon County,42025,64182
PA,Centre County,42027,162385
PA,Chester County,42029,524989
PA,Clarion County,42031,38438
PA,Clearfield County,42033,79255
PA,Clinton County,42035,38632
PA,Columbia County,42037,64964
PA,Crawford County,42039,84629
PA,Cumberland County,42041,253370
PA,Dauphin County,42043,278299
PA,Delaware County,42045,566747
PA,Elk County,42047,29910
PA,Erie County,42049,269728
PA,Fayette County,42051,129274
PA,Forest County,42053,7247
PA,Franklin County,42055,155027
PA,Fulton County,42057,14530
PA,Greene County,42059,36233
PA,Huntingdon County,42061,45144
PA,Indiana County,42063,84073
PA,Jefferson County,42065,43425
PA,Juniata County,42067,24763
PA,Lackawanna County,42069,209674
PA,Lancaster County,42071,545724
PA,Lawrence County,42073,85512
PA,Lebanon County,42075,141793
PA,Lehigh County,42077,369318
PA,Luzerne County,42079,317417
PA,Lycoming County,42081,113299
PA,McKean County,42083,40625
PA,Mercer County,42085,109424
PA,Mifflin County,42087,46138
PA,Monroe County,42089,170271
PA,Montgomery County,42091,830915
PA,Montour County,42093,18230
PA,Northampton County,42095,305285
PA,Northumberland County,42097,90843
PA,Perry County,42099,46272
PA,Philadelphia County,42101,1584064
PA,Pike County,42103,55809
PA,Potter County,42105,16526
PA,Schuylkill County,42107,141359
PA,Snyder County,42109,40372
PA,Somerset County,42111,73447
PA,Sullivan County,42113,6066
PA,Susquehanna County,42115,40328
PA,Tioga County,42117,40591
PA,Union County,42119,44923
PA,Venango County,42121,50668
PA,Warren County,42123,39191
PA,Washington County,42125,206865
PA,Wayne County,42127,51361
PA,Westmoreland County,42129,348899
PA,Wyoming County,42131,26794
PA,York County,42133,449058
RI,Bristol County,44001,48479
RI,Kent County,44003,164292
RI,Newport County,44005,82082
RI,Providence County,44007,638931
RI,Washington County,44009,125577
SC,Abbeville County,45001,24527
SC,Aiken County,45003,170872
SC,Allendale County,45005,8688
SC,Anderson County,45007,202558
SC,Bamberg County,45009,14066
SC,Barnwell County,45011,20866
SC,Beaufort County,45013,192122
SC,Berkeley County,45015,227907
SC,Calhoun County,45017,14553
SC,Charleston County,45019,411406
SC,Cherokee County,45021,57300
SC,Chester County,45023,32244
SC,Chesterfield County,45025,45650
SC,Clarendon County,45027,33745
SC,Colleton County,45029,37677
SC,Darlington County,45031,66618
SC,Dillon County,45033,30479
SC,Dorchester County,45035,162809
SC,Edgefield County,45037,27260
SC,Fairfield County,45039,22347
SC,Florence County,45041,138293
SC,Georgetown County,45043,62680
SC,Greenville County,45045,523542
SC,Greenwood County,45047,70811
SC,Hampton County,45049,19222
SC,Horry County,45051,354081
SC,Jasper County,45053,30073
SC,Kershaw County,45055,66551
SC,Lancaster County,45057,98012
SC,Laurens County,45059,67493
SC,Lee County,45061,16828
SC,Lexington County,45063,298750
SC,McCormick County,45065,9463
SC,Marion County,45067,30657
SC,Marlboro County,45069,26118
SC,Newberry County,45071,38440
SC,Oconee County,45073,79546
SC,Orangeburg County,45075,86175
SC,Pickens County,45077,126884
SC,Richland County,45079,415759
SC,Saluda County,45081,20473
SC,Spartanburg County,45083,319785
SC,Sumter County,45085,106721
SC,Union County,45087,27316
SC,Williamsburg County,45089,30368
SC,York County,45091,280979
SD,Aurora County,46003,2751
SD,Beadle County,46005,18453
SD,Bennett County,46007,3365
SD,Bon Homme County,46009,6901
SD,Brookings County,46011,35077
SD,Brown County,46013,38839
SD,Brule County,46015,5297
SD,Buffalo County,46017,1962
SD,Butte County,46019,10429
SD,Campbell County,46021,1376
SD,Charles Mix County,46023,9292
SD,Clark County,46025,3736
SD,Clay County,46027,14070
SD,Codington County,46029,28009
SD,Corson County,46031,4086
SD,Custer County,46033,8972
SD,Davison County,46035,19775
SD,Day County,46037,5424
SD,Deuel County,46039,4351
SD,Dewey County,46041,5892
SD,Douglas County,46043,2921
SD,Edmunds County,46045,3829
SD,Fall River County,46047,6713
SD,Faulk County,46049,2299
SD,Grant County,46051,7052
SD,Gregory County,46053,4185
SD,Haakon County,46055,1899
SD,Hamlin County,46057,6164
SD,Hand County,46059,3191
SD,Hanson County,46061,3453
SD,Harding County,46063,1298
SD,Hughes County,46065,17526
SD,Hutchinson County,46067,7291
SD,Hyde County,46069,1301
SD,Jackson County,46071,3344
SD,Jerauld County,46073,2013
SD,Jones County,46075,903
SD,Kingsbury County,46077,4939
SD,Lake County,46079,12797
SD,Lawrence County,46081,25844
SD,Lincoln County,46083,61128
SD,Lyman County,46085,3781
SD,McCook County,46087,5586
SD,McPherson County,46089,2379
SD,Marshall County,46091,4935
SD,Meade County,46093,28332
SD,Mellette County,46095,2061
SD,Miner County,46097,2216
SD,Minnehaha County,46099,193134
SD,Moody County,46101,6576
SD,Oglala Lakota County,46102,14177
SD,Pennington County,46103,113775
SD,Perkins County,46105,2865
SD,Potter County,46107,2153
SD,Roberts County,46109,10394
SD,Sanborn County,46111,2344
SD,Spink County,46115,6376
SD,Stanley County,46117,3098
SD,Sully County,46119,1391
SD,Todd County,46121,10177
SD,Tripp County,46123,5441
SD,Turner County,46125,8384
SD,Union County,46127,15932
SD,Walworth County,46129,5435
SD,Yankton County,46135,22814
SD,Ziebach County,46137,2756
TN,Anderson County,47001,76978
TN,Bedford County,47003,49713
TN,Benton County,47005,16160
TN,Bledsoe County,47007,15064
TN,Blount County,47009,133088
TN,Bradley County,47011,108110
TN,Campbell County,47013,39842
TN,Cannon County,47015,14678
TN,Carroll County,47017,27767
TN,Carter County,47019,56391
TN,Cheatham County,47021,40667
TN,Chester County,47023,17297
TN,Claiborne County,47025,31959
TN,Clay County,47027,7615
TN,Cocke County,47029,36004
TN,Coffee County,47031,56520
TN,Crockett County,47033,14230
TN,Cumberland County,47035,60520
TN,Davidson County,47037,694144
TN,Decatur County,47039,11663
TN,DeKalb County,47041,20490
TN,Dickson County,47043,53948
TN,Dyer County,47045,37159
TN,Fayette County,47047,41133
TN,Fentress County,47049,18523
TN,Franklin County,47051,42208
TN,Gibson County,47053,49133
TN,Giles County,47055,29464
TN,Grainger County,47057,23320
TN,Greene County,47059,69069
TN,Grundy County,47061,13427
TN,Hamblen County,47063,64934
TN,Hamilton County,47065,367804
TN,Hancock County,47067,6620
TN,Hardeman County,47069,25050
TN,Hardin County,47071,25652
TN,Hawkins County,47073,56786
TN,Haywood County,47075,17304
TN,Henderson County,47077,28117
TN,Henry County,47079,32345
TN,Hickman County,47081,25178
TN,Houston County,47083,8201
TN,Humphreys County,47085,18582
TN,Jackson County,47087,11786
TN,Jefferson County,47089,54495
TN,Johnson County,47091,17788
TN,Knox County,47093,470313
TN,Lake County,47095,7016
TN,Lauderdale County,47097,25633
TN,Lawrence County,47099,44142
TN,Lewis County,47101,12268
TN,Lincoln County,47103,34366
TN,Loudon County,47105,54068
TN,McMinn County,47107,53794
TN,McNairy County,47109,25694
TN,Macon County,47111,24602
TN,Madison County,47113,97984
TN,Marion County,47115,28907
TN,Marshall County,47117,34375
TN,Maury County,47119,96387
TN,Meigs County,47121,12422
TN,Monroe County,47123,46545
TN,Montgomery County,47125,208993
TN,Moore County,47127,6488
TN,Morgan County,47129,21403
TN,Obion County,47131,30069
TN,Overton County,47133,22241
TN,Perry County,47135,8076
TN,Pickett County,47137,5048
TN,Polk County,47139,16832
TN,Putnam County,47141,80245
TN,Rhea County,47143,33167
TN,Roane County,47145,53382
TN,Robertson County,47147,71813
TN,Rutherford County,47149,332285
TN,Scott County,47151,22068
TN,Sequatchie County,47153,15026
TN,Sevier County,47155,98250
TN,Shelby County,47157,937166
TN,Smith County,47159,20157
TN,Stewart County,47161,13715
TN,Sullivan County,47163,158348
TN,Sumner County,47165,191283
TN,Tipton County,47167,61599
TN,Trousdale County,47169,11284
TN,Unicoi County,47171,17883
TN,Union County,47173,19972
TN,Van Buren County,47175,5872
TN,Warren County,47177,41277
TN,Washington County,47179,129375
TN,Wayne County,47181,16673
TN,Weakley County,47183,33328
TN,White County,47185,27345
TN,Williamson County,47187,238412
TN,Wilson County,47189,144657
TX,Anderson County,48001,57735
TX,Andrews County,48003,18705
TX,Angelina County,48005,86715
TX,Aransas County,48007,23510
TX,Archer County,48009,8553
TX,Armstrong County,48011,1887
TX,Atascosa County,48013,51153
TX,Austin County,48015,30032
TX,Bailey County,48017,7000
TX,Bandera County,48019,23112
TX,Bastrop County,48021,88723
TX,Baylor County,48023,3509
TX,Bee County,48025,32565
TX,Bell County,48027,362924
TX,Bexar County,48029,2003554
TX,Blanco County,48031,11931
TX,Borden County,48033,654
TX,Bosque County,48035,18685
TX,Bowie County,48037,93245
TX,Brazoria County,48039,374264
TX,Brazos County,48041,229211
TX,Brewster County,48043,9203
TX,Briscoe County,48045,1546
TX,Brooks County,48047,7093
TX,Brown County,48049,37864
TX,Burleson County,48051,18443
TX,Burnet County,48053,48155
TX,Caldwell County,48055,43664
TX,Calhoun County,48057,21290
TX,Callahan County,48059,13943
TX,Cameron County,48061,423163
TX,Camp County,48063,13094
TX,Carson County,48065,5926
TX,Cass County,48067,30026
TX,Castro County,48069,7530
TX,Chambers County,48071,43837
TX,Cherokee County,48073,52646
TX,Childress County,48075,7306
TX,Clay County,48077,10471
TX,Cochran County,48079,2853
TX,Coke County,48081,3387
TX,Coleman County,48083,8175
TX,Collin County,48085,1034730
TX,Collingsworth County,48087,2920
TX,Colorado County,48089,21493
TX,Comal County,48091,156209
TX,Comanche County,48093,13635
TX,Concho County,48095,2726
TX,Cooke County,48097,41257
TX,Coryell County,48099,75951
TX,Cottle County,48101,1398
TX,Crane County,48103,4797
TX,Crockett County,48105,3464
TX,Crosby County,48107,5737
TX,Culberson County,48109,2171
TX,Dallam County,48111,7287
TX,Dallas County,48113,2635516
TX,Dawson County,48115,12728
TX,Deaf Smith County,48117,18546
TX,Delta County,48119,5331
TX,Denton County,48121,887207
TX,DeWitt County,48123,20160
TX,Dickens County,48125,2211
TX,Dimmit County,48127,10124
TX,Donley County,48129,3278
TX,Duval County,48131,11157
TX,Eastland County,48133,18360
TX,Ector County,48135,166223
TX,Edwards County,48137,1932
TX,Ellis County,48139,184826
TX,El Paso County,48141,839238
TX,Erath County,48143,42698
TX,Falls County,48145,17297
TX,Fannin County,48147,35514
TX,Fayette County,48149,25346
TX,Fisher County,48151,3830
TX,Floyd County,48153,5712
TX,Foard County,48155,1155
TX,Fort Bend County,48157,811688
TX,Franklin County,48159,10725
TX,Freestone County,48161,19717
TX,Frio County,48163,20306
TX,Gaines County,48165,21492
TX,Galveston County,48167,342139
TX,Garza County,48169,6229
TX,Gillespie County,48171,26988
TX,Glasscock County,48173,1409
TX,Goliad County,48175,7658
TX,Gonzales County,48177,20837
TX,Gray County,48179,21886
TX,Grayson County,48181,136212
TX,Gregg County,48183,123945
TX,Grimes County,48185,28880
TX,Guadalupe County,48187,166847
TX,Hale County,48189,33406
TX,Hall County,48191,2964
TX,Hamilton County,48193,8461
TX,Hansford County,48195,5399
TX,Hardeman County,48197,3933
TX,Hardin County,48199,57602
TX,Harris County,48201,4713325
TX,Harrison County,48203,66553
TX,Hartley County,48205,5576
TX,Haskell County,48207,5658
TX,Hays County,48209,230191
TX,Hemphill County,48211,3819
TX,Henderson County,48213,82737
TX,Hidalgo County,48215,868707
TX,Hill County,48217,36649
TX,Hockley County,48219,23021
TX,Hood County,48221,61643
TX,Hopkins County,48223,37084
TX,Houston County,48225,22968
TX,Howard County,48227,36664
TX,Hudspeth County,48229,4886
TX,Hunt County,48231,98594
TX,Hutchinson County,48233,20938
TX,Irion County,48235,1536
TX,Jack County,48237,8935
TX,Jackson County,48239,14760
TX,Jasper County,48241,35529
TX,Jeff Davis County,48243,2274
TX,Jefferson County,48245,251565
TX,Jim Hogg County,48247,5200
TX,Jim Wells County,48249,40482
TX,Johnson County,48251,175817
TX,Jones County,48253,20083
TX,Karnes County,48255,15601
TX,Kaufman County,48257,136154
TX,Kendall County,48259,47431
TX,Kenedy County,48261,404
TX,Kent County,48263,762
TX,Kerr County,48265,52600
TX,Kimble County,48267,4337
TX,King County,48269,272
TX,Kinney County,48271,3667
TX,Kleberg County,48273,30680
TX,Knox County,48275,3664
TX,Lamar County,48277,49859
TX,Lamb County,48279,12893
TX,Lampasas County,48281,21428
TX,La Salle County,48283,7520
TX,Lavaca County,48285,20154
TX,Lee County,48287,17239
TX,Leon County,48289,17404
TX,Liberty County,48291,88219
TX,Limestone County,48293,23437
TX,Lipscomb County,48295,3233
TX,Live Oak County,48297,12207
TX,Llano County,48299,21795
TX,Loving County,48301,169
TX,Lubbock County,48303,310569
TX,Lynn County,48305,5951
TX,McCulloch County,48307,7984
TX,McLennan County,48309,256623
TX,McMullen County,48311,743
TX,Madison County,48313,14284
TX,Marion County,48315,9854
TX,Martin County,48317,5771
TX,Mason County,48319,4274
TX,Matagorda County,48321,36643
TX,Maverick County,48323,58722
TX,Medina County,48325,51584
TX,Menard County,48327,2138
TX,Midland County,48329,176832
TX,Milam County,48331,24823
TX,Mills County,48333,4873
TX,Mitchell County,48335,8545
TX,Montague County,48337,19818
TX,Montgomery County,48339,607391
TX,Moore County,48341,20940
TX,Morris County,48343,12388
TX,Motley County,48345,1200
TX,Nacogdoches County,48347,65204
TX,Navarro County,48349,50113
TX,Newton County,48351,13595
TX,Nolan County,48353,14714
TX,Nueces County,48355,362294
TX,Ochiltree County,48357,9836
TX,Oldham County,48359,2112
TX,Orange County,48361,83396
TX,Palo Pinto County,48363,29189
TX,Panola County,48365,23194
TX,Parker County,48367,142878
TX,Parmer County,48369,9605
TX,Pecos County,48371,15823
TX,Polk County,48373,51353
TX,Potter County,48375,117415
TX,Presidio County,48377,6704
TX,Rains County,48379,12514
TX,Randall County,48381,137713
TX,Reagan County,48383,3849
TX,Real County,48385,3452
TX,Red River County,48387,12023
TX,Reeves County,48389,15976
TX,Refugio County,48391,6948
TX,Roberts County,48393,854
TX,Robertson County,48395,17074
TX,Rockwall County,48397,104915
TX,Runnels County,48399,10264
TX,Rusk County,48401,54406
TX,Sabine County,48403,10542
TX,San Augustine County,48405,8237
TX,San Jacinto County,48407,28859
TX,San Patricio County,48409,66730
TX,San Saba County,48411,6055
TX,Schleicher County,48413,2793
TX,Scurry County,48415,16703
TX,Shackelford County,48417,3265
TX,Shelby County,48419,25274
TX,Sherman County,48421,3022
TX,Smith County,48423,232751
TX,Somervell County,48425,9128
TX,Starr County,48427,64633
TX,Stephens County,48429,9366
TX,Sterling County,48431,1291
TX,Stonewall County,48433,1350
TX,Sutton County,48435,3776
TX,Swisher County,48437,7397
TX,Tarrant County,48439,2102515
TX,Taylor County,48441,138034
TX,Terrell County,48443,776
TX,Terry County,48445,12337
TX,Throckmorton County,48447,1501
TX,Titus County,48449,32750
TX,Tom Green County,48451,119200
TX,Travis County,48453,1273954
TX,Trinity County,48455,14651
TX,Tyler County,48457,21672
TX,Upshur County,48459,41753
TX,Upton County,48461,3657
TX,Uvalde County,48463,26741
TX,Val Verde County,48465,49025
TX,Van Zandt County,48467,56590
TX,Victoria County,48469,92084
TX,Walker County,48471,72971
TX,Waller County,48473,55246
TX,Ward County,48475,11998
TX,Washington County,48477,35882
TX,Webb County,48479,276652
TX,Wharton County,48481,41556
TX,Wheeler County,48483,5056
TX,Wichita County,48485,132230
TX,Wilbarger County,48487,12769
TX,Willacy County,48489,21358
TX,Williamson County,48491,590551
TX,Wilson County,48493,51070
TX,Winkler County,48495,8010
TX,Wise County,48497,69984
TX,Wood County,48499,45539
TX,Yoakum County,48501,8713
TX,Young County,48503,18010
TX,Zapata County,48505,14179
TX,Zavala County,48507,11840
UT,Beaver County,49001,6710
UT,Box Elder County,49003,56046
UT,Cache County,49005,128289
UT,Carbon County,49007,20463
UT,Daggett County,49009,950
UT,Davis County,49011,355481
UT,Duchesne County,49013,19938
UT,Emery County,49015,10012
UT,Garfield County,49017,5051
UT,Grand County,49019,9754
UT,Iron County,49021,54839
UT,Juab County,49023,12017
UT,Kane County,49025,7886
UT,Millard County,49027,13188
UT,Morgan County,49029,12124
UT,Piute County,49031,1479
UT,Rich County,49033,2483
UT,Salt Lake County,49035,1160437
UT,San Juan County,49037,15308
UT,Sanpete County,49039,30939
UT,Sevier County,49041,21620
UT,Summit County,49043,42145
UT,Tooele County,49045,72259
UT,Uintah County,49047,35734
UT,Utah County,49049,636235
UT,Wasatch County,49051,34091
UT,Washington County,49053,177556
UT,Wayne County,49055,2711
UT,Weber County,49057,260213
VT,Addison County,50001,36777
VT,Bennington County,50003,35470
VT,Caledonia County,50005,29993
VT,Chittenden County,50007,163774
VT,Essex County,50009,6163
VT,Franklin County,50011,49402
VT,Grand Isle County,50013,7235
VT,Lamoille County,50015,25362
VT,Orange County,50017,28892
VT,Orleans County,50019,27037
VT,Rutland County,50021,58191
VT,Washington County,50023,58409
VT,Windham County,50025,42222
VT,Windsor County,50027,55062
VA,Accomack County,51001,32316
VA,Albemarle County,51003,109330
VA,Alleghany County,51005,14860
VA,Amelia County,51007,13145
VA,Amherst County,51009,31605
VA,Appomattox County,51011,15911
VA,Arlington County,51013,236842
VA,Augusta County,51015,75558
VA,Bath County,51017,4147
VA,Bedford County,51019,78997
VA,Bland County,51021,6280
VA,Botetourt County,51023,33419
VA,Brunswick County,51025,16231
VA,Buchanan County,51027,21004
VA,Buckingham County,51029,17148
VA,Campbell County,51031,54885
VA,Caroline County,51033,30725
VA,Carroll County,51035,29791
VA,Charles City County,51036,6963
VA,Charlotte County,51037,11880
VA,Chesterfield County,51041,352802
VA,Clarke County,51043,14619
VA,Craig County,51045,5131
VA,Culpeper County,51047,52605
VA,Cumberland County,51049,9932
VA,Dickenson County,51051,14318
VA,Dinwiddie County,51053,28544
VA,Essex County,51057,10953
VA,Fairfax County,51059,1147532
VA,Fauquier County,51061,71222
VA,Floyd County,51063,15749
VA,Fluvanna County,51065,27270
VA,Franklin County,51067,56042
VA,Frederick County,51069,89313
VA,Giles County,51071,16720
VA,Gloucester County,51073,37348
VA,Goochland County,51075,23753
VA,Grayson County,51077,15550
VA,Greene County,51079,19819
VA,Greensville County,51081,11336
VA,Halifax County,51083,33911
VA,Hanover County,51085,107766
VA,Henrico County,51087,330818
VA,Henry County,51089,50557
VA,Highland County,51091,2190
VA,Isle of Wight County,51093,37109
VA,James City County,51095,76523
VA,King and Queen County,51097,7025
VA,King George County,51099,26836
VA,King William County,51101,17148
VA,Lancaster County,51103,10603
VA,Lee County,51105,23423
VA,Loudoun County,51107,413538
VA,Louisa County,51109,37591
VA,Lunenburg County,51111,12196
VA,Madison County,51113,13261
VA,Mathews County,51115,8834
VA,Mecklenburg County,51117,30587
VA,Middlesex County,51119,10582
VA,Montgomery County,51121,98535
VA,Nelson County,51125,14930
VA,New Kent County,51127,23091
VA,Northampton County,51131,11710
VA,Northumberland County,51133,12095
VA,Nottoway County,51135,15232
VA,Orange County,51137,37051
VA,Page County,51139,23902
VA,Patrick County,51141,17608
VA,Pittsylvania County,51143,60354
VA,Powhatan County,51145,29652
VA,Prince Edward County,51147,22802
VA,Prince George County,51149,38353
VA,Prince William County,51153,470335
VA,Pulaski County,51155,34027
VA,Rappahannock County,51157,7370
VA,Richmond County,51159,9023
VA,Roanoke County,51161,94186
VA,Rockbridge County,51163,22573
VA,Rockingham County,51165,81948
VA,Russell County,51167,26586
VA,Scott County,51169,21566
VA,Shenandoah County,51171,43616
VA,Smyth County,51173,30104
VA,Southampton County,51175,17631
VA,Spotsylvania County,51177,136215
VA,Stafford County,51179,152882
VA,Surry County,51181,6422
VA,Sussex County,51183,11159
VA,Tazewell County,51185,40595
VA,Warren County,51187,40164
VA,Washington County,51191,53740
VA,Westmoreland County,51193,18015
VA,Wise County,51195,37383
VA,Wythe County,51197,28684
VA,York County,51199,68280
VA,Alexandria city,51510,159428
VA,Bristol city,51520,16762
VA,Buena Vista city,51530,6478
VA,Charlottesville city,51540,47266
VA,Chesapeake city,51550,244835
VA,Colonial Heights city,51570,17370
VA,Covington city,51580,5538
VA,Danville city,51590,40044
VA,Emporia city,51595,5346
VA,Fairfax city,51600,24019
VA,Falls Church city,51610,14617
VA,Franklin city,51620,7967
VA,Fredericksburg city,51630,29036
VA,Galax city,51640,6347
VA,Hampton city,51650,134510
VA,Harrisonburg city,51660,53016
VA,Hopewell city,51670,22529
VA,Lexington city,51678,7446
VA,Lynchburg city,51680,82168
VA,Manassas city,51683,41085
VA,Manassas Park city,51685,17478
VA,Martinsville city,51690,12554
VA,Newport News city,51700,179225
VA,Norfolk city,51710,242742
VA,Norton city,51720,3981
VA,Petersburg city,51730,31346
VA,Poquoson city,51735,12271
VA,Portsmouth city,51740,94398
VA,Radford city,51750,18249
VA,Richmond city,51760,230436
VA,Roanoke city,51770,99143
VA,Salem city,51775,25301
VA,Staunton city,51790,24932
VA,Suffolk city,51800,92108
VA,Virginia Beach city,51810,449974
VA,Waynesboro city,51820,22630
VA,Williamsburg city,51830,14954
VA,Winchester city,51840,28078
WA,Adams County,53001,19983
WA,Asotin County,53003,22582
WA,Benton County,53005,204390
WA,Chelan County,53007,77200
WA,Clallam County,53009,77331
WA,Clark County,53011,488241
WA,Columbia County,53013,3985
WA,Cowlitz County,53015,110593
WA,Douglas County,53017,43429
WA,Ferry County,53019,7627
WA,Franklin County,53021,95222
WA,Garfield County,53023,2225
WA,Grant County,53025,97733
WA,Grays Harbor County,53027,75061
WA,Island County,53029,85141
WA,Jefferson County,53031,32221
WA,King County,53033,2252782
WA,Kitsap County,53035,271473
WA,Kittitas County,53037,47935
WA,Klickitat County,53039,22425
WA,Lewis County,53041,80707
WA,Lincoln County,53043,10939
WA,Mason County,53045,66768
WA,Okanogan County,53047,42243
WA,Pacific County,53049,22471
WA,Pend Oreille County,53051,13724
WA,Pierce County,53053,904980
WA,San Juan County,53055,17582
WA,Skagit County,53057,129205
WA,Skamania County,53059,12083
WA,Snohomish County,53061,822083
WA,Spokane County,53063,522798
WA,Stevens County,53065,45723
WA,Thurston County,53067,290536
WA,Wahkiakum County,53069,4488
WA,Walla Walla County,53071,60760
WA,Whatcom County,53073,229247
WA,Whitman County,53075,50104
WA,Yakima County,53077,250873
WV,Barbour County,54001,16441
WV,Berkeley County,54003,119171
WV,Boone County,54005,21457
WV,Braxton County,54007,13957
WV,Brooke County,54009,21939
WV,Cabell County,54011,91945
WV,Calhoun County,54013,7109
WV,Clay County,54015,8508
WV,Doddridge County,54017,8448
WV,Fayette County,54019,42406
WV,Gilmer County,54021,7823
WV,Grant County,54023,11568
WV,Greenbrier County,54025,34662
WV,Hampshire County,54027,23175
WV,Hancock County,54029,28810
WV,Hardy County,54031,13776
WV,Harrison County,54033,67256
WV,Jackson County,54035,28576
WV,Jefferson County,54037,57146
WV,Kanawha County,54039,178124
WV,Lewis County,54041,15907
WV,Lincoln County,54043,20409
WV,Logan County,54045,32019
WV,McDowell County,54047,17624
WV,Marion County,54049,56072
WV,Marshall County,54051,30531
WV,Mason County,54053,26516
WV,Mercer County,54055,58758
WV,Mineral County,54057,26868
WV,Mingo County,54059,23424
WV,Monongalia County,54061,105612
WV,Monroe County,54063,13275
WV,Morgan County,54065,17884
WV,Nicholas County,54067,24496
WV,Ohio County,54069,41411
WV,Pendleton County,54071,6969
WV,Pleasants County,54073,7460
WV,Pocahontas County,54075,8247
WV,Preston County,54077,33432
WV,Putnam County,54079,56450
WV,Raleigh County,54081,73361
WV,Randolph County,54083,28695
WV,Ritchie County,54085,9554
WV,Roane County,54087,13688
WV,Summers County,54089,12573
WV,Taylor County,54091,16695
WV,Tucker County,54093,6839
WV,Tyler County,54095,8591
WV,Upshur County,54097,24176
WV,Wayne County,54099,39402
WV,Webster County,54101,8114
WV,Wetzel County,54103,15065
WV,Wirt County,54105,5821
WV,Wood County,54107,83518
WV,Wyoming County,54109,20394
WI,Adams County,55001,20220
WI,Ashland County,55003,15562
WI,Barron County,55005,45244
WI,Bayfield County,55007,15036
WI,Brown County,55009,264542
WI,Buffalo County,55011,13031
WI,Burnett County,55013,15414
WI,Calumet County,55015,50089
WI,Chippewa County,55017,64658
WI,Clark County,55019,34774
WI,Columbia County,55021,57532
WI,Crawford County,55023,16131
WI,Dane County,55025,546695
WI,Dodge County,55027,87839
WI,Door County,55029,27668
WI,Douglas County,55031,43150
WI,Dunn County,55033,45368
WI,Eau Claire County,55035,104646
WI,Florence County,55037,4295
WI,Fond du Lac County,55039,103403
WI,Forest County,55041,9004
WI,Grant County,55043,51439
WI,Green County,55045,36960
WI,Green Lake County,55047,18913
WI,Iowa County,55049,23678
WI,Iron County,55051,5687
WI,Jackson County,55053,20643
WI,Jefferson County,55055,84769
WI,Juneau County,55057,26687
WI,Kenosha County,55059,169561
WI,Kewaunee County,55061,20434
WI,La Crosse County,55063,118016
WI,Lafayette County,55065,16665
WI,Langlade County,55067,19189
WI,Lincoln County,55069,27593
WI,Manitowoc County,55071,78981
WI,Marathon County,55073,135692
WI,Marinette County,55075,40350
WI,Marquette County,55077,15574
WI,Menominee County,55078,4556
WI,Milwaukee County,55079,945726
WI,Monroe County,55081,46253
WI,Oconto County,55083,37930
WI,Oneida County,55085,35595
WI,Outagamie County,55087,187885
WI,Ozaukee County,55089,89221
WI,Pepin County,55091,7287
WI,Pierce County,55093,42754
WI,Polk County,55095,43783
WI,Portage County,55097,70772
WI,Price County,55099,13351
WI,Racine County,55101,196311
WI,Richland County,55103,17252
WI,Rock County,55105,163354
WI,Rusk County,55107,14178
WI,St. Croix County,55109,90687
WI,Sauk County,55111,64442
WI,Sawyer County,55113,16558
WI,Shawano County,55115,40899
WI,Sheboygan County,55117,115340
WI,Taylor County,55119,20343
WI,Trempealeau County,55121,29649
WI,Vernon County,55123,30822
WI,Vilas County,55125,22195
WI,Walworth County,55127,103868
WI,Washburn County,55129,15720
WI,Washington County,55131,136034
WI,Waukesha County,55133,404198
WI,Waupaca County,55135,50990
WI,Waushara County,55137,24443
WI,Winnebago County,55139,171907
WI,Wood County,55141,72999
WY,Albany County,56001,38880
WY,Big Horn County,56003,11790
WY,Campbell County,56005,46341
WY,Carbon County,56007,14800
WY,Converse County,56009,13822
WY,Crook County,56011,7584
WY,Fremont County,56013,39261
WY,Goshen County,56015,13211
WY,Hot Springs County,56017,4413
WY,Johnson County,56019,8445
WY,Laramie County,56021,99500
WY,Lincoln County,56023,19830
WY,Natrona County,56025,79858
WY,Niobrara County,56027,2356
WY,Park County,56029,29194
WY,Platte County,56031,8393
WY,Sheridan County,56033,30485
WY,Sublette County,56035,9831
WY,Sweetwater County,56037,42343
WY,Teton County,56039,23464
WY,Uinta County,56041,20226
WY,Washakie County,56043,7805
WY,Weston County,56045,6927
PR,Adjuntas Municipio,72001,
PR,Aguada Municipio,72003,
PR,Aguadilla Municipio,72005,
PR,Aguas Buenas Municipio,72007,
PR,Aibonito Municipio,72009,
PR,Aasco Municipio,72011,
PR,Arecibo Municipio,72013,
PR,Arroyo Municipio,72015,
PR,Barceloneta Municipio,72017,
PR,Barranquitas Municipio,72019,
PR,Bayamn Municipio,72021,
PR,Cabo Rojo Municipio,72023,
PR,Caguas Municipio,72025,
PR,Camuy Municipio,72027,
PR,Canvanas Municipio,72029,
PR,Carolina Municipio,72031,
PR,Catao Municipio,72033,
PR,Cayey Municipio,72035,
PR,Ceiba Municipio,72037,
PR,Ciales Municipio,72039,
PR,Cidra Municipio,72041,
PR,Coamo Municipio,72043,
PR,Comero Municipio,72045,
PR,Corozal Municipio,72047,
PR,Culebra Municipio,72049,
PR,Dorado Municipio,72051,
PR,Fajardo Municipio,72053,
PR,Florida Municipio,72054,
PR,Gunica Municipio,72055,
PR,Guayama Municipio,72057,
PR,Guayanilla Municipio,72059,
PR,Guaynabo Municipio,72061,
PR,Gurabo Municipio,72063,
PR,Hatillo Municipio,72065,
PR,Hormigueros Municipio,72067,
PR,Humacao Municipio,72069,
PR,Isabela Municipio,72071,
PR,Jayuya Municipio,72073,
PR,Juana Daz Municipio,72075,
PR,Juncos Municipio,72077,
PR,Lajas Municipio,72079,
PR,Lares Municipio,72081,
PR,Las Maras Municipio,72083,
PR,Las Piedras Municipio,72085,
PR,Loza Municipio,72087,
PR,Luquillo Municipio,72089,
PR,Manat Municipio,72091,
PR,Maricao Municipio,72093,
PR,Maunabo Municipio,72095,
PR,Mayagez Municipio,72097,
PR,Moca Municipio,72099,
PR,Morovis Municipio,72101,
PR,Naguabo Municipio,72103,
PR,Naranjito Municipio,72105,
PR,Orocovis Municipio,72107,
PR,Patillas Municipio,72109,
PR,Peuelas Municipio,72111,
PR,Ponce Municipio,72113,
PR,Quebradillas Municipio,72115,
PR,Rincn Municipio,72117,
PR,Ro Grande Municipio,72119,
PR,Sabana Grande Municipio,72121,
PR,Salinas Municipio,72123,
PR,San Germn Municipio,72125,
PR,San Juan Municipio,72127,
PR,San Lorenzo Municipio,72129,
PR,San Sebastin Municipio,72131,
PR,Santa Isabel Municipio,72133,
PR,Toa Alta Municipio,72135,
PR,Toa Baja Municipio,72137,
PR,Trujillo Alto Municipio,72139,
PR,Utuado Municipio,72141,
PR,Vega Alta Municipio,72143,
PR,Vega Baja Municipio,72145,
PR,Vieques Municipio,72147,
PR,Villalba Municipio,72149,
PR,Yabucoa Municipio,72151,
PR,Yauco Municipio,72153,
USa,United States All,999999,328239523
